id	Acmanthera_latifolia	Amorimia_concinna	Amorimia_coriacea	Acmanthera_latifolia.1	Acmanthera_latifolia.2	Acridocarpus_smeathmannii	Niedenzuella_lasiandra	Alicia_anisopetala	Alicia_anisopetala.1	Alicia_anisopetala.2	Amorimia_andersonii	Amorimia_pubiflora	Banisteriopsis_anisandra	Banisteriopsis_campestris	Amorimia_septentrionalis	Amorimia_septentrionalis.1	Aspicarpa_harleyi	Banisteriopsis_adenopoda	Banisteriopsis_adenopoda.1	Banisteriopsis_argyrophylla	Banisteriopsis_argyrophylla.1	Banisteriopsis_anisandra.1	Banisteriopsis_harleyi	Banisteriopsis_megaphylla	Banisteriopsis_membranifolia	Banisteriopsis_laevifolia	Banisteriopsis_laevifolia.1	Banisteriopsis_laevifolia.2	Banisteriopsis_laevifolia.3	Banisteriopsis_malifolia	Banisteriopsis_malifolia.1	Banisteriopsis_malifolia.2	Banisteriopsis_malifolia.3	Banisteriopsis_muricata	Banisteriopsis_variabilis	Banisteriopsis_vernoniifolia	Banisteriopsis_muricata.1	Banisteriopsis_parvglandula	Banisteriopsis_quadriglandula	Banisteriopsis_stellaris	Banisteriopsis_stellaris.1	Banisteriopsis_stellaris.2	Banisteriopsis_stellaris.3	Banisteriopsis_variabilis.1	Barnebya_harleyi	Byrsonima_coccolobifolia	Byrsonima_coccolobifolia.1	Blepharandra_heteropetala	Blepharandra_hypoleuca	Bronwenia_megaptera	Bunchosia_glandulifera	Bunchosia_montana	Bunchosia_pallescens	Bunchosia_pallescens.1	Burdachia_duckei	Byrsonima_coccolobifolia.2	Byrsonima_verbascifolia	Byrsonima_verbascifolia.1	Byrsonima_crassifolia	Byrsonima_incarnata	Byrsonima_intermedia	Byrsonima_intermedia.1	Byrsonima_ligustrifolia	Byrsonima_sericea	Byrsonima_sericea.1	Byrsonima_spicata	Callaeum_antifebrile	Diplopterys_pubipetala	Diplopterys_pubipetala.1	Callaeum_psilophyllum	Camarea_affinis	Camarea_ericoides	Carolus_chasei	Christianella_multiglandulosa	Diacidia_aracaensis	Dicella_bracteosa	Dicella_macroptera	Diplopterys_pubipetala.2	Heteropterys_brunnea	Heteropterys_byrsonimifolia	Ectopopterys_soejartoi	Galphimia_brasiliensis	Gaudichaudia_albida	Gaudichaudia_albida.1	Heladena_multiflora	Heteropterys_aenea	Heteropterys_bicolor	Heteropterys_brachiata	Heteropterys_campestris	Heteropterys_intermedia	Heteropterys_leona	Heteropterys_chrysophylla	Heteropterys_coleoptera	Heteropterys_coleoptera.1	Heteropterys_eglandulosa	Heteropterys_eglandulosa.1	Heteropterys_hatschbachii	Heteropterys_intermedia.1	Heteropterys_intermedia.2	Heteropterys_leona.1	Hiptage_benghalensis	Hiraea_cuiabensis	Heteropterys_leona.2	Heteropterys_leschenaultiana	Heteropterys_leschenaultiana.1	Heteropterys_oberdanii	Heteropterys_pauciflora	Heteropterys_tomentosa	Heteropterys_umbellata	Heteropterys_umbellata.1	Hiraea_hatschbachii	Malpighia_mexicana	Malpighia_mexicana.1	Hiraea_reclinata	Hiraea_restingae	Hiraea_restingae.1	Janusia_janusioides	Janusia_mediterranea	Janusia_mediterranea.1	Janusia_occhionii	Janusia_schwannioides	Mascagnia_conformis	Niedenzuella_multiglandulosa	Niedenzuella_multiglandulosa.1	Mascagnia_sepium	Mcvaughia_bahiana	Niedenzuella_acutifolia	Niedenzuella_acutifolia.1	Niedenzuella_acutifolia.2	Niedenzuella_lucida	Niedenzuella_multiglandulosa.2	Niedenzuella_multiglandulosa.3	Niedenzuella_poeppigiana	Peixotoa_reticulata	Peixotoa_spinensis	Niedenzuella_poeppigiana.1	Niedenzuella_poeppigiana.2	Niedenzuella_poeppigiana.3	Niedenzuella_sericea	Niedenzuella_stannea	Peixotoa_cordistipula	Peixotoa_glabra	Peixotoa_hispidula	Peixotoa_tomentosa	Stigmaphyllon_blanchetii	Stigmaphyllon_bonariense	Peixotoa_tomentosa.1	Ptilochaeta_bahiensis	Ptilochaeta_densiflora	Sphedamnocarpus_angolensis	Stigmaphyllon_acuminatum	Stigmaphyllon_alternifolium	Stigmaphyllon_angustilobum	Stigmaphyllon_auriculatum	Stigmaphyllon_caatingicola	Stigmaphyllon_hatschbachii	Stigmaphyllon_hispidum	Stigmaphyllon_cavernulosum	Stigmaphyllon_cavernulosum.1	Stigmaphyllon_ciliatum	Stigmaphyllon_ciliatum.1	Stigmaphyllon_convolvulifolium	Stigmaphyllon_gayanum	Stigmaphyllon_harleyi	Stigmaphyllon_hatschbachii.1	Stigmaphyllon_lalandianum	Stigmaphyllon_salzmannii	Stigmaphyllon_saxicola	Stigmaphyllon_lalandianum.1	Stigmaphyllon_macropodum	Stigmaphyllon_occidentale	Stigmaphyllon_palmatum	Stigmaphyllon_paralias	Stigmaphyllon_paralias.1	Stigmaphyllon_puberulum	Stigmaphyllon_puberulum.1	Stigmaphyllon_saxicola.1	Stigmaphyllon_saxicola.2	Stigmaphyllon_sinuatum	Stigmaphyllon_tomentosum	Stigmaphyllon_urenifolium	Stigmaphyllon_urenifolium.1	Stigmaphyllon_vitifolium	Glicophyllum_ambiguum	Glicophyllum_cardiophyllum	Glicophyllum_cardiophyllum.1	Glicophyllum_microphyllum	Glicophyllum_microphyllum.1	Tetrapterys_mucronata	Tetrapterys_phlomoides	Tetrapterys_phlomoides.1	Glicophyllum_ramiflorum	Tetrapterys_schiedeana	Tetrapterys_xylosteifolia	Thryallis_latifolia	Verrucularina_glaucophylla	Verrucularina_piresii
Carboxylic acids and derivatives	343	310	328	344	326	292	372	316	310	335	376	315	302	287	315	319	292	346	329	365	353	328	322	317	366	302	309	265	340	348	400	359	317	375	357	312	393	363	341	302	366	258	350	345	261	281	302	293	266	316	311	346	283	300	352	282	135	218	283	345	316	321	330	351	320	347	352	374	267	347	339	349	327	329	249	304	277	236	402	352	319	258	354	160	319	340	325	356	371	462	408	353	342	417	438	371	359	452	402	357	290	373	304	406	375	357	384	331	326	236	338	396	338	348	387	382	370	343	425	389	407	380	394	408	386	357	345	242	371	413	416	386	341	359	383	345	282	329	386	424	363	340	359	392	441	394	300	359	402	372	408	424	377	412	416	372	384	415	412	388	322	355	397	319	355	408	410	349	366	413	375	438	397	398	368	397	434	397	419	399	413	388	313	379	380	341	370	340	322	275	259	328	329	334	410	262	372
Fatty Acyls	43	47	43	38	34	43	53	41	37	43	42	48	48	34	45	47	53	56	53	49	51	39	42	51	52	55	38	38	41	51	54	49	43	47	52	43	51	52	48	46	55	35	43	42	26	45	42	45	47	40	39	57	38	39	56	39	21	32	40	59	51	57	53	55	59	55	57	63	42	72	66	48	58	58	33	46	50	34	70	53	55	50	47	29	51	63	55	62	59	67	72	64	53	71	83	73	54	80	54	62	48	69	57	67	52	59	73	54	39	38	65	67	51	67	68	61	65	40	78	71	78	66	70	83	73	70	63	43	72	78	76	61	41	66	74	65	46	63	74	70	55	66	66	64	67	82	53	70	81	55	83	67	62	90	64	63	61	74	78	64	59	58	65	56	70	63	53	54	52	72	60	78	59	64	71	71	68	66	56	73	80	70	53	65	75	74	68	51	57	37	49	61	71	74	53	50	66
Heteroaromatic compounds	62	75	74	74	76	65	75	69	67	72	71	80	62	78	68	68	80	75	75	79	83	72	71	70	87	54	62	69	75	72	103	66	52	74	85	58	87	81	84	60	69	57	77	74	60	61	69	46	46	78	76	68	48	53	73	65	35	39	49	71	59	63	71	67	55	67	65	72	56	77	62	69	44	70	50	57	55	41	91	85	73	58	75	29	59	67	73	71	65	91	74	65	61	80	77	71	70	79	89	75	52	69	61	78	63	67	84	68	57	60	62	83	85	61	74	77	70	60	88	73	81	66	95	100	87	84	63	33	70	80	72	73	72	83	85	56	42	75	67	82	80	71	81	98	79	90	52	90	86	77	83	86	89	92	98	82	77	94	75	77	70	63	86	70	93	79	98	95	70	91	81	82	78	75	85	103	88	84	96	87	83	71	60	90	82	62	77	64	61	67	49	61	70	77	75	29	65
unclassified	79	66	75	68	73	73	89	85	68	76	82	81	77	80	74	70	84	89	72	80	90	78	79	83	80	66	82	65	83	95	97	81	82	88	87	89	80	90	82	75	90	76	82	89	67	67	74	84	72	80	81	80	73	81	86	78	34	56	80	96	86	82	95	89	77	85	86	90	64	101	89	99	75	75	61	85	67	69	103	80	75	89	88	44	83	83	84	92	88	116	112	93	91	100	116	90	102	109	100	90	79	100	91	90	99	103	86	77	84	69	91	95	91	101	103	93	102	81	111	107	109	94	82	106	108	101	94	73	95	95	107	99	79	107	100	87	71	88	97	111	106	103	91	122	103	112	81	95	105	82	102	103	96	117	104	99	102	98	103	103	95	90	104	90	103	103	127	77	92	101	90	118	103	119	113	109	112	99	108	97	99	104	98	92	100	100	90	94	97	83	73	76	93	84	105	67	111
Pyridines and derivatives	15	17	15	16	15	14	16	15	18	20	17	13	18	15	16	13	11	13	13	19	18	17	13	9	19	7	15	10	10	16	17	11	12	20	15	14	16	12	22	14	19	17	21	18	14	11	11	11	8	20	12	13	8	14	17	14	7	10	14	17	12	15	17	13	14	17	17	21	18	18	10	15	8	14	10	15	11	14	13	19	23	13	17	5	16	18	9	14	14	15	20	14	11	24	18	14	12	17	15	16	15	12	13	18	10	19	21	14	15	12	13	14	11	16	21	14	12	11	20	15	21	15	23	18	14	16	12	9	17	12	14	21	14	14	13	14	14	13	18	17	11	14	16	18	21	21	7	21	17	10	19	17	14	15	20	16	19	13	13	15	19	19	13	10	25	16	28	20	16	21	12	16	17	14	18	23	18	24	17	20	16	19	9	17	16	12	7	12	11	12	8	12	7	12	9	6	9
Azoles	95	111	96	91	104	101	98	97	93	93	99	89	97	90	105	97	101	114	92	119	119	99	103	104	123	80	90	89	96	112	131	100	92	94	116	103	113	109	128	90	107	95	112	100	88	88	85	100	99	111	104	105	83	85	100	91	42	61	80	119	84	97	112	110	83	88	121	123	86	123	97	110	84	100	79	103	93	68	120	106	120	91	121	57	106	116	115	106	112	149	142	115	106	134	138	110	123	144	121	116	106	111	98	131	111	116	148	118	109	90	125	128	125	102	127	138	129	110	145	139	142	122	136	139	138	140	98	67	136	137	132	113	123	120	126	85	68	101	117	127	134	116	113	125	145	155	94	134	136	114	122	127	123	143	151	141	143	136	133	112	116	116	119	101	155	120	160	137	116	139	130	153	135	120	152	137	131	148	145	140	139	126	100	132	113	95	131	108	101	118	89	116	102	105	100	60	113
Organic metal salts	8	11	9	8	7	10	7	6	9	7	8	6	9	5	6	8	5	10	11	9	7	9	7	7	11	8	6	3	9	11	10	11	9	8	8	7	11	9	4	3	12	5	7	6	2	5	5	7	6	10	6	9	3	5	11	7	5	7	7	12	13	9	10	12	11	9	9	11	10	10	13	10	13	10	7	11	11	10	11	14	11	8	11	4	13	11	9	11	13	14	15	9	6	9	9	11	14	13	15	13	8	12	11	9	12	11	10	11	10	10	12	11	14	11	14	17	17	13	13	14	11	12	14	10	10	13	8	6	12	11	16	10	15	12	12	12	9	12	12	12	16	14	15	18	16	14	9	12	12	16	11	14	14	15	16	14	12	15	10	10	10	9	15	10	13	14	17	16	9	12	14	10	11	12	14	15	15	13	13	17	14	13	12	17	11	12	16	11	15	11	5	10	14	10	10	9	11
Benzene and substituted derivatives	177	148	186	150	177	173	203	177	148	204	161	187	174	197	196	168	162	202	180	201	203	174	189	209	219	161	144	160	188	189	221	193	178	198	176	199	219	191	192	175	187	127	196	195	170	152	160	198	137	152	173	187	160	172	202	166	78	130	175	164	180	176	165	180	167	167	172	197	127	176	172	168	137	114	136	148	132	151	202	196	186	148	205	88	136	154	131	189	177	260	239	183	159	222	214	207	212	246	223	209	150	202	186	191	197	206	169	180	182	167	165	224	206	189	208	225	173	177	220	200	211	183	179	205	162	188	178	142	182	210	209	187	188	176	192	181	157	179	168	215	208	166	153	198	218	200	171	158	175	218	217	198	205	210	206	191	204	165	193	209	155	172	185	184	189	208	232	168	186	220	183	213	203	228	193	223	246	197	241	181	223	192	200	207	194	179	201	165	172	171	148	154	153	144	246	131	169
Organooxygen compounds	69	59	67	67	65	68	76	52	50	64	64	68	72	70	57	68	66	67	63	75	81	64	55	63	77	57	65	58	68	67	87	74	64	63	66	60	72	70	71	65	79	60	83	71	56	78	74	59	58	63	71	63	55	54	66	71	20	56	66	61	77	74	59	67	60	62	66	76	58	78	74	68	52	43	50	58	48	62	61	62	61	56	78	32	59	56	39	64	77	86	96	67	64	77	83	79	86	97	71	85	56	82	69	67	66	53	63	62	79	74	65	72	67	67	80	68	81	68	82	94	82	59	69	73	54	60	67	56	71	70	68	79	67	59	61	59	56	55	59	65	68	57	56	84	70	75	64	73	67	71	72	69	70	75	72	66	78	75	69	79	62	60	77	77	62	78	75	57	60	70	72	72	82	84	74	66	77	70	82	67	71	61	77	70	74	67	69	63	57	60	52	60	64	61	79	45	67
Organic phosphoric acids and derivatives	0	0	0	0	1	2	1	1	0	2	0	1	1	0	0	0	0	0	1	1	1	0	1	1	1	1	1	1	0	0	1	0	1	1	1	1	0	0	1	0	1	1	0	0	1	2	3	1	3	0	1	1	1	2	0	1	0	0	1	1	2	1	0	2	1	0	2	0	1	1	1	0	0	1	2	1	1	3	0	2	2	0	0	0	0	0	2	1	0	2	0	0	0	0	0	2	0	1	0	0	0	0	1	0	0	0	0	1	0	1	3	1	0	0	1	2	0	1	0	0	0	1	0	1	1	0	1	0	1	0	1	0	2	0	0	1	0	0	0	0	1	0	0	1	2	0	0	0	1	0	0	0	0	2	0	0	0	0	1	2	1	0	0	0	1	0	2	0	1	0	0	0	1	1	0	1	1	1	0	3	0	1	0	0	0	0	0	0	0	0	0	0	0	1	0	0	0
Aryl halides	40	36	31	38	35	37	33	33	35	40	31	33	34	32	36	34	32	33	33	42	34	39	35	29	38	28	26	36	31	38	37	34	32	34	34	29	36	29	34	34	36	29	40	24	35	29	32	32	27	30	28	32	25	22	33	30	14	16	24	29	29	35	25	36	28	24	27	30	22	31	28	28	22	29	24	21	21	26	37	36	29	22	34	14	31	33	31	31	36	41	43	28	33	39	38	34	38	41	43	33	29	35	33	28	35	28	33	31	28	31	26	33	34	24	33	44	32	31	42	30	44	29	40	40	35	41	37	20	32	44	35	42	45	34	39	31	24	34	37	40	39	31	29	42	49	45	30	38	41	40	48	46	47	38	44	53	34	43	41	33	35	38	44	31	37	44	48	42	32	49	39	41	37	42	36	42	50	44	43	55	46	37	37	42	43	38	36	28	32	34	24	24	32	47	46	23	27
Organonitrogen compounds	81	81	79	89	83	85	97	90	88	76	87	74	87	79	75	70	89	88	97	88	99	88	84	86	109	82	95	80	92	104	106	95	81	108	91	83	93	100	92	85	90	71	89	93	69	67	63	89	89	75	82	88	67	73	99	73	30	63	60	87	68	71	79	78	68	76	74	85	92	85	81	98	92	88	74	68	81	50	101	79	81	69	79	35	80	81	84	79	75	114	109	90	70	108	100	83	95	106	102	92	70	94	85	79	77	78	101	83	74	44	86	91	88	83	98	100	95	72	96	96	90	94	92	86	91	100	69	54	82	101	96	92	93	90	99	68	56	85	81	96	97	72	89	106	108	107	64	102	104	101	91	97	89	107	114	111	92	96	96	91	89	75	98	82	93	95	102	100	72	109	93	99	89	90	95	95	113	96	113	104	89	90	72	110	101	70	101	71	95	75	58	95	92	101	83	67	89
Diazinanes	12	9	12	18	12	12	15	14	12	7	16	13	11	8	17	16	13	16	18	11	20	13	15	13	12	10	16	14	16	11	20	13	7	16	22	14	17	16	19	15	15	13	21	15	12	14	10	16	16	14	18	13	11	18	16	13	4	12	10	22	14	16	16	14	14	18	13	22	21	15	15	21	20	16	14	18	11	8	23	14	18	10	18	6	20	15	15	18	19	26	22	22	16	18	23	20	16	24	16	23	16	15	20	20	18	21	17	18	16	13	18	21	16	19	22	22	15	20	23	21	23	22	22	21	23	19	13	8	23	20	22	23	17	15	21	14	10	19	17	19	18	21	21	22	17	25	18	20	18	17	20	17	18	24	21	19	18	20	21	20	21	18	21	17	23	21	23	16	19	26	22	26	20	24	19	24	27	19	25	18	17	26	15	21	19	17	20	19	21	16	11	16	17	17	18	14	22
Imidazopyrimidines	2	1	6	2	3	1	5	5	3	4	2	2	4	5	2	3	5	3	3	3	3	5	1	8	4	5	3	2	5	2	4	4	4	3	4	4	9	3	4	2	1	4	2	2	6	1	2	1	2	3	3	6	4	5	3	5	1	2	2	4	1	3	6	5	2	4	2	6	5	4	5	5	4	4	5	4	4	4	7	3	3	3	3	2	3	4	4	6	4	5	5	5	4	5	4	7	3	6	5	6	2	4	4	7	3	5	1	2	4	3	5	0	4	5	2	4	2	5	5	4	6	3	5	7	1	5	4	1	3	7	7	5	3	6	7	6	3	8	4	4	3	4	5	6	2	2	1	5	6	4	4	9	9	4	7	8	5	5	3	5	4	7	7	6	6	5	5	6	2	4	6	8	9	9	5	5	7	5	4	5	4	5	5	6	5	9	7	2	4	2	4	1	4	3	5	1	5
Diazanaphthalenes	1	0	0	1	1	2	1	2	3	1	1	0	0	1	0	1	1	0	1	1	1	1	0	0	0	1	0	1	0	0	1	0	1	1	0	1	1	0	0	1	1	0	0	1	0	1	0	0	1	1	1	1	1	1	0	0	0	1	0	0	0	0	0	0	0	0	0	1	1	0	1	0	0	0	0	0	0	1	0	0	1	0	0	0	1	0	0	0	0	0	1	0	0	0	0	1	0	2	1	0	1	0	1	0	1	1	0	1	0	0	1	0	0	1	0	1	0	0	1	0	0	0	1	0	0	0	1	1	0	0	0	2	0	0	0	0	0	2	1	2	0	0	0	0	1	1	0	0	0	0	0	1	2	0	2	1	0	0	1	0	0	1	1	0	1	1	0	0	2	3	0	1	1	3	0	1	0	0	2	2	1	1	1	2	1	1	1	0	0	1	2	1	1	1	1	1	1
Alkyl halides	6	8	6	6	5	6	5	10	8	11	7	7	6	5	6	5	6	4	5	7	6	7	5	4	9	3	10	4	6	4	6	7	5	7	10	6	10	7	8	5	10	9	11	8	8	4	8	10	5	7	3	11	3	4	5	7	6	5	8	6	8	8	10	11	8	11	6	9	5	9	6	8	6	4	9	7	4	6	10	4	12	8	7	4	8	8	4	9	8	16	12	11	10	9	11	9	13	14	9	14	8	9	10	11	10	6	13	8	8	5	7	9	9	9	11	9	8	8	5	8	11	8	10	12	12	11	8	8	11	9	8	11	9	11	10	9	5	14	10	11	12	7	13	13	15	15	7	9	9	8	13	12	9	11	12	14	13	11	6	12	9	9	11	7	13	11	15	12	11	13	11	13	10	9	10	14	15	13	15	15	11	11	8	13	9	8	6	11	8	12	9	8	6	7	9	6	7
Boronic acid derivatives	30	34	32	34	25	31	34	35	28	43	36	28	29	27	23	26	28	33	28	32	27	33	29	24	39	26	27	34	26	37	40	29	25	29	28	33	32	35	29	33	38	28	29	27	27	35	25	25	23	25	37	38	24	28	32	33	20	20	18	27	24	26	25	25	21	21	25	30	27	29	21	23	28	30	20	18	23	20	33	25	39	23	24	7	29	24	36	25	26	38	34	32	21	33	32	27	33	38	44	28	24	25	29	33	29	30	33	35	27	23	24	32	32	23	32	38	38	32	39	29	38	32	35	38	44	35	26	19	42	38	38	33	36	33	37	28	14	39	41	31	31	26	37	30	42	36	21	35	44	43	33	41	35	43	52	39	37	35	33	32	23	30	31	27	34	35	53	41	32	47	29	37	31	33	43	42	40	39	55	47	34	35	25	42	40	32	29	39	34	33	21	34	22	34	40	19	37
Sulfonyls	8	2	5	8	5	7	6	7	6	7	7	6	8	6	5	6	8	7	6	4	4	7	7	5	9	5	5	8	6	8	7	6	7	4	11	6	9	10	7	7	7	7	13	10	7	7	8	5	5	10	7	7	5	8	7	8	2	5	5	9	7	9	6	7	7	9	6	5	3	9	5	9	5	4	4	7	4	4	8	9	7	8	7	6	8	8	8	7	6	5	7	5	5	5	7	5	6	8	8	6	8	6	5	8	7	4	6	10	6	10	7	8	9	6	5	8	8	8	6	6	3	3	6	5	7	6	7	8	4	8	5	7	12	5	5	6	7	8	7	7	11	5	6	7	10	8	4	6	7	11	7	4	8	5	6	11	6	6	6	8	8	6	8	8	7	7	11	4	7	7	7	6	5	6	9	7	6	5	6	10	8	8	8	8	7	7	6	10	12	11	9	5	7	9	9	6	8
Thioethers	4	7	5	2	4	8	6	6	6	5	4	4	5	7	3	4	5	5	6	6	5	6	6	6	5	4	4	4	5	2	6	6	7	5	7	8	6	6	4	5	5	5	6	6	7	8	6	6	7	7	3	3	4	4	5	8	1	5	7	8	10	7	7	7	7	5	7	7	8	6	3	3	6	5	4	5	2	6	6	4	4	6	6	2	4	3	1	3	6	7	6	4	5	4	4	4	6	7	3	5	6	6	9	5	3	7	8	4	8	7	7	5	3	5	6	6	3	3	5	5	2	6	5	4	5	7	5	7	4	5	2	5	5	3	5	7	4	6	4	7	3	6	2	6	3	5	6	8	3	2	7	4	4	6	6	5	5	3	7	3	5	7	3	7	4	6	5	5	7	4	6	4	6	7	5	5	6	6	4	3	5	6	6	5	8	4	7	4	6	8	6	7	4	7	6	6	6
Phenol ethers	28	22	27	26	29	18	30	33	28	43	20	24	19	25	30	22	27	24	27	29	28	31	26	24	34	17	28	28	27	28	35	23	30	24	30	23	33	31	33	22	29	32	34	25	20	36	37	25	20	34	27	26	23	24	26	30	11	22	22	21	26	25	27	19	24	20	27	32	26	23	22	27	14	18	18	28	14	26	23	25	25	21	22	11	21	26	21	27	23	31	38	18	12	21	28	29	26	32	29	27	16	25	30	24	29	27	32	25	21	17	27	32	29	28	29	32	26	30	31	27	29	21	22	22	33	26	20	20	18	25	28	29	30	20	30	26	23	34	25	27	19	17	24	29	33	33	20	19	26	28	28	25	38	31	30	27	36	30	39	34	19	20	29	25	31	36	42	32	35	30	20	28	27	31	27	35	31	39	34	26	36	33	31	32	24	24	22	27	19	33	17	36	27	25	34	13	22
Diazines	25	25	32	29	30	29	34	34	37	37	29	29	33	28	28	26	26	32	30	34	35	30	30	25	42	28	26	28	32	31	37	35	25	31	35	28	25	42	39	26	29	19	31	36	37	21	24	27	21	29	35	32	26	27	27	31	18	20	30	35	27	28	29	26	26	34	27	34	24	30	29	32	27	25	20	27	23	27	35	29	37	26	39	12	32	35	28	30	36	38	45	41	34	44	43	37	30	34	40	47	30	33	36	38	37	42	39	37	28	31	39	47	41	31	36	26	37	37	41	41	34	35	38	42	35	37	45	17	41	44	46	38	43	36	37	33	24	41	41	42	38	37	28	39	49	39	33	44	44	37	35	33	39	48	47	40	39	35	36	35	27	36	41	28	43	39	51	40	32	42	30	32	31	42	38	48	40	51	52	41	42	36	32	37	37	36	45	32	37	30	18	36	31	31	35	21	39
Macrolides and analogues	1	0	2	1	1	1	3	3	2	2	3	3	2	2	1	2	2	1	2	1	1	1	0	2	2	1	3	1	2	1	1	1	2	2	2	2	1	1	2	1	1	1	2	0	2	1	1	2	2	2	1	2	1	3	1	1	2	2	1	3	1	2	2	4	2	2	3	2	2	1	3	1	1	1	2	1	3	0	1	3	3	1	3	0	2	2	2	2	1	2	3	4	3	3	4	3	5	2	1	3	3	2	3	2	0	2	2	2	2	1	3	3	2	2	3	2	4	0	5	5	3	2	4	5	5	1	2	1	3	4	5	5	1	2	2	2	2	3	4	4	2	2	2	4	4	1	1	2	3	1	2	2	0	3	6	1	3	4	4	2	3	3	2	1	2	2	1	3	1	2	4	3	3	3	1	3	2	3	1	4	1	3	2	2	4	1	4	2	3	1	2	3	3	3	5	2	2
Sulfoxides	0	0	0	0	1	0	1	0	0	0	0	0	0	0	0	0	0	1	1	1	0	1	1	1	1	1	0	0	0	0	0	1	0	0	1	0	0	1	1	1	1	0	0	0	0	0	0	1	1	1	0	0	0	0	0	1	0	0	0	0	0	0	0	0	0	0	0	0	0	0	0	0	0	0	0	0	1	0	0	0	1	0	0	0	0	0	1	0	0	1	0	0	0	0	0	0	0	0	0	0	0	0	0	0	0	0	0	0	0	0	0	0	0	0	0	1	0	0	0	0	1	0	0	0	0	0	0	0	0	0	0	0	0	0	0	0	0	0	0	0	0	0	0	0	1	0	0	0	0	0	0	0	1	0	0	0	0	0	1	0	0	0	0	0	0	0	0	0	0	0	0	0	0	0	0	0	0	0	1	0	0	1	0	0	0	0	0	0	0	0	0	0	0	0	0	0	0
Prenol lipids	6	9	9	4	9	9	8	8	10	8	11	7	9	8	9	14	7	9	9	9	10	7	9	10	8	8	5	6	7	10	11	8	7	8	13	11	10	9	9	11	11	6	9	11	8	5	7	6	9	11	6	11	8	6	10	9	3	6	10	19	15	17	20	16	16	21	17	18	5	20	20	15	17	12	7	12	8	4	17	11	8	17	20	6	17	15	15	13	17	23	27	20	11	16	24	20	14	24	17	17	10	17	17	23	11	17	17	17	10	6	20	23	11	17	21	15	17	14	23	18	27	17	20	27	20	19	24	9	23	25	23	18	12	16	14	20	11	16	23	21	16	22	19	21	20	19	22	14	22	13	19	20	21	27	20	22	21	19	22	26	10	19	20	19	22	16	21	14	18	20	17	26	19	22	20	21	21	17	18	29	20	22	18	22	23	17	24	20	17	10	10	21	25	19	18	12	24
Thiophenes	0	1	0	1	0	0	0	0	0	0	0	1	1	0	0	0	1	1	0	0	1	1	0	0	0	0	1	1	1	1	0	0	1	0	1	0	1	2	1	0	0	1	1	0	1	0	0	0	0	0	1	0	1	1	0	0	0	0	0	0	1	0	2	0	1	0	1	2	0	1	1	0	0	0	0	1	0	1	1	0	1	0	1	1	2	1	0	2	1	0	1	1	1	1	1	1	1	0	0	0	1	1	0	1	0	1	1	0	1	0	1	1	0	1	0	0	0	1	0	1	0	1	0	0	0	1	1	1	1	1	0	1	0	0	0	1	1	0	1	1	0	0	0	0	0	1	0	0	0	0	0	1	0	1	1	1	1	0	1	1	0	0	0	0	1	1	1	1	0	1	0	1	1	1	1	1	1	1	1	1	0	1	1	1	1	0	0	0	0	0	0	0	0	0	0	0	0
Allyl-type 1,3-dipolar organic compounds	6	4	6	8	4	7	8	5	8	7	4	5	10	9	7	3	9	8	7	8	12	7	6	11	9	8	7	10	9	7	8	5	9	8	13	7	8	8	11	10	7	9	9	8	7	7	5	5	5	7	10	9	4	7	7	4	5	0	9	5	6	6	8	8	6	6	10	8	10	10	10	9	7	7	7	3	6	12	5	10	8	7	14	3	6	10	9	11	7	7	11	6	10	9	9	14	12	13	11	12	10	9	11	14	6	7	10	10	8	8	12	9	12	14	10	13	14	13	13	9	17	9	12	12	5	14	10	13	6	11	13	14	15	6	10	9	9	8	13	13	6	7	11	13	9	12	10	5	11	11	11	9	12	11	12	11	8	10	15	11	9	8	7	8	14	10	11	10	6	15	5	12	8	13	11	15	12	15	15	11	14	11	11	10	9	12	9	5	5	8	5	9	7	9	15	5	7
Flavonoids	6	1	1	7	5	8	9	2	2	2	3	6	9	9	11	10	11	8	11	13	8	8	11	7	6	7	7	8	7	3	13	9	7	11	8	6	8	5	8	11	10	9	8	8	3	16	16	10	5	3	6	2	4	5	8	13	3	7	14	3	9	13	15	10	13	13	4	12	7	2	9	12	1	2	6	6	8	11	4	6	5	10	9	2	10	7	3	7	5	12	8	5	7	7	6	8	9	12	7	7	9	9	8	8	6	8	6	8	9	3	8	12	5	8	7	6	6	8	6	10	6	8	4	7	1	11	9	6	7	8	4	8	8	8	11	9	11	7	5	7	7	11	5	11	1	7	6	5	7	9	7	7	9	12	2	4	9	4	9	15	10	6	10	13	6	9	7	1	6	6	1	11	7	15	10	10	12	8	6	3	9	5	9	5	6	6	5	8	7	6	12	8	8	8	12	11	10
Sphingolipids	9	4	5	7	5	11	6	5	5	4	6	5	5	6	5	6	7	5	5	6	4	6	3	7	6	6	4	3	6	3	8	5	4	6	3	6	6	6	6	5	7	3	8	6	2	6	4	5	4	5	5	5	5	6	4	3	0	4	4	4	3	6	7	1	5	4	3	3	3	9	7	5	3	3	3	6	1	2	9	2	3	2	3	3	7	6	2	11	7	9	10	7	4	5	6	7	4	6	6	8	8	4	10	5	3	9	10	5	2	1	6	9	2	4	5	3	7	4	10	8	8	9	6	4	9	6	5	3	5	10	4	6	3	4	6	8	6	5	6	8	6	6	6	5	9	6	4	8	9	4	7	9	7	9	8	3	6	6	4	4	5	2	10	5	8	7	1	4	6	7	6	7	6	4	3	5	6	7	6	8	10	5	5	4	9	6	4	2	7	0	6	5	9	4	4	5	5
Glycerolipids	3	3	4	5	2	1	5	2	4	2	1	2	2	2	3	3	2	3	3	1	3	5	1	2	3	3	4	0	4	3	3	4	0	2	3	4	2	3	1	0	0	3	3	2	1	3	1	2	1	4	2	1	1	3	3	1	1	1	3	5	2	3	2	6	4	3	2	3	2	5	4	5	1	2	3	2	3	3	4	1	1	1	3	1	3	3	2	5	3	5	5	5	3	6	5	1	1	4	4	5	1	8	4	2	3	3	4	1	2	1	3	5	3	3	0	3	9	3	2	5	5	3	2	3	1	3	3	1	2	5	6	4	2	4	8	4	2	2	2	5	3	4	2	2	3	3	2	1	6	3	3	5	3	6	4	5	5	7	2	7	3	4	4	4	3	4	2	2	4	2	3	2	1	7	5	4	3	3	3	4	4	6	4	2	7	5	6	4	6	3	4	3	6	3	4	4	3
Tetrapyrroles and derivatives	0	0	1	1	1	2	3	1	0	1	3	2	3	1	0	0	0	1	1	0	0	1	1	0	1	0	0	0	0	2	2	0	0	0	1	1	1	0	2	1	2	0	0	1	1	1	2	0	1	0	2	1	0	0	2	2	2	2	1	2	1	3	2	3	3	5	3	1	1	1	2	2	0	0	0	3	1	2	2	2	2	1	1	0	3	3	2	1	4	2	2	3	3	2	1	3	3	3	1	1	3	2	1	6	4	2	2	1	2	2	2	2	3	3	1	1	1	3	3	1	4	1	2	3	2	2	3	1	3	2	4	3	3	2	2	3	3	1	3	4	3	1	2	1	3	2	1	3	1	1	2	2	2	3	1	1	2	1	3	1	2	2	1	1	2	2	2	0	4	1	2	2	1	2	2	1	3	3	4	2	2	3	2	3	4	2	1	2	2	3	2	2	3	3	2	2	2
Coumarins and derivatives	1	2	2	2	1	1	2	1	0	2	3	3	1	2	2	3	1	2	2	1	1	1	1	1	3	1	1	1	1	2	2	3	2	1	2	1	3	3	2	2	2	3	3	3	1	0	1	1	0	0	1	3	4	4	2	1	0	0	1	0	2	3	1	2	1	1	3	1	0	3	2	2	0	0	0	2	0	1	3	2	0	0	2	0	1	2	1	1	1	1	1	3	2	1	2	1	1	2	1	2	0	1	1	1	1	0	0	1	3	1	1	4	1	2	1	1	2	1	1	1	3	0	3	1	1	2	4	3	2	1	3	3	0	2	2	2	2	1	2	3	0	2	0	1	2	3	2	2	2	1	4	3	3	2	1	3	1	2	4	3	1	2	1	2	2	1	2	2	1	3	2	3	2	2	0	3	2	3	2	2	2	3	0	1	1	3	0	1	1	2	2	0	2	2	2	0	1
Azacyclic compounds	16	11	11	14	11	11	13	16	12	7	15	13	15	11	11	12	20	15	11	15	13	16	13	15	14	12	10	11	13	18	16	12	10	15	15	15	14	10	15	12	14	8	14	10	10	9	10	12	12	13	13	18	10	9	14	11	8	7	6	9	12	6	9	11	8	9	6	9	10	12	10	11	11	16	6	9	7	5	14	13	10	4	7	4	5	11	18	10	12	16	11	12	10	10	13	9	10	13	19	12	10	10	10	9	16	7	9	19	8	11	9	15	14	10	13	17	13	12	16	9	12	14	13	15	16	13	9	5	11	14	10	18	12	11	12	10	10	9	14	8	17	14	16	12	17	13	9	18	16	15	14	12	13	16	15	15	7	18	14	16	13	8	11	7	12	14	15	10	12	12	12	15	16	17	14	13	16	11	18	15	12	13	11	17	10	13	12	10	17	17	15	16	16	16	17	7	13
Steroids and steroid derivatives	13	18	15	11	12	11	16	7	13	12	12	16	11	6	10	12	14	13	10	17	11	14	15	15	14	13	11	9	15	11	19	11	8	10	16	13	11	13	15	8	8	7	14	12	14	11	10	14	10	12	9	14	4	8	13	9	4	14	15	11	17	13	14	14	8	16	14	13	20	10	10	12	15	13	9	17	8	10	15	13	8	13	8	4	14	15	9	8	13	15	16	16	11	13	13	17	15	13	14	20	15	16	10	17	17	20	12	12	14	9	10	14	12	14	8	14	18	18	15	20	18	11	19	14	12	10	15	12	15	18	19	21	14	16	15	14	14	14	16	20	12	12	14	13	16	11	16	12	15	8	16	15	15	15	11	14	15	14	9	12	13	13	16	15	14	17	17	12	16	13	15	12	11	13	17	17	11	10	10	13	12	15	16	13	21	13	19	11	9	13	19	16	14	20	15	17	21
Organic sulfonic acids and derivatives	11	10	10	11	8	13	11	12	14	20	9	9	13	12	10	8	9	10	8	11	14	12	8	14	15	15	10	13	13	11	13	9	12	9	9	11	13	11	12	14	15	9	14	13	14	9	10	8	4	13	11	13	9	11	10	10	3	10	15	8	10	14	15	12	10	10	7	12	8	12	14	12	3	6	9	13	7	12	13	10	11	10	12	4	9	10	7	13	12	11	15	6	8	13	10	13	13	10	8	13	7	18	15	7	7	5	11	9	6	7	10	11	9	15	9	10	10	7	11	8	11	11	13	15	9	13	11	9	7	7	8	10	7	11	9	9	7	9	10	10	9	11	12	16	9	12	11	3	10	10	16	12	15	9	10	11	9	7	9	13	9	13	11	12	10	10	15	8	13	9	8	10	7	13	11	13	18	10	9	12	9	8	7	9	11	11	12	11	8	5	5	9	11	6	10	6	11
Purine nucleosides	1	1	1	1	1	3	1	4	3	3	1	3	4	3	1	1	3	2	2	4	3	2	2	1	0	2	3	4	2	3	2	1	0	3	3	3	5	3	2	2	1	1	2	2	3	2	1	3	1	3	2	2	3	4	3	3	0	1	2	0	1	3	0	3	2	1	2	1	1	3	2	2	0	0	0	2	0	1	2	1	1	1	4	0	1	1	1	2	1	3	2	1	1	1	1	2	3	3	2	3	1	1	2	1	1	0	1	0	1	3	2	1	2	0	0	1	3	1	2	2	1	1	1	0	1	2	1	2	1	1	1	1	0	1	1	1	3	2	1	3	1	2	2	2	1	2	1	1	1	0	3	1	1	2	1	2	1	2	1	3	2	1	1	2	0	2	2	2	1	3	1	1	2	2	0	2	2	1	2	1	1	2	3	1	1	0	2	0	1	1	0	0	1	2	2	1	3
Purine nucleotides	3	4	2	4	1	4	2	0	2	1	1	1	2	4	4	2	2	2	4	4	3	2	3	1	4	3	1	3	1	3	7	2	4	3	1	6	4	5	4	3	4	2	4	5	3	6	6	3	2	6	3	4	2	2	4	4	2	5	5	5	5	6	4	4	6	5	2	3	1	1	0	1	1	3	1	1	2	4	1	3	1	3	0	3	1	3	2	2	3	3	3	1	3	2	1	3	3	3	1	3	1	4	0	2	2	4	1	4	3	1	0	3	3	5	3	4	1	3	0	1	3	2	1	2	2	4	3	2	4	4	1	1	0	0	3	2	2	2	0	0	2	2	2	2	5	1	4	2	1	4	2	1	3	2	1	0	1	1	3	2	3	2	1	4	3	2	3	0	4	3	0	2	4	2	3	4	4	3	2	2	2	0	4	2	1	4	2	3	2	2	1	0	2	3	2	4	3
Peptidomimetics	4	3	1	5	2	2	6	5	4	6	2	2	4	4	5	4	5	4	5	4	4	3	5	8	4	3	5	5	6	4	2	5	5	4	7	4	4	5	3	6	4	5	3	3	1	4	4	4	5	3	6	3	7	6	6	6	1	3	2	5	2	2	5	5	2	6	3	4	2	4	2	3	2	3	3	1	2	2	3	3	5	0	3	3	1	5	2	3	3	5	3	1	3	4	5	1	4	4	4	4	4	2	3	2	2	4	3	3	2	2	2	1	1	3	5	4	5	5	5	0	3	4	6	7	1	3	4	2	6	5	4	2	5	5	4	5	4	4	6	4	2	7	4	3	3	5	3	2	5	5	1	3	3	4	1	4	3	2	4	3	3	2	3	2	4	3	6	2	3	3	3	4	5	2	3	0	3	2	4	5	4	1	5	3	5	1	4	1	4	3	3	4	1	2	3	1	1
Cinnamic acids and derivatives	1	2	0	1	1	1	1	2	2	2	2	1	1	2	1	0	0	2	2	1	0	1	0	1	1	1	1	0	1	1	3	1	1	3	0	0	4	1	0	0	1	3	2	2	1	2	1	1	0	2	1	3	1	2	2	2	0	0	2	1	1	2	1	2	2	2	1	1	0	0	1	1	0	0	1	0	1	1	0	0	2	2	3	0	2	0	2	0	0	2	2	3	1	2	0	1	0	2	3	2	0	0	3	3	1	1	1	1	0	0	1	3	3	1	0	1	1	1	1	1	0	1	1	1	3	0	1	2	1	1	1	2	4	1	2	2	1	1	1	2	1	1	1	2	3	3	1	2	1	1	1	3	3	0	1	2	1	5	3	0	0	0	3	2	2	0	3	2	3	0	3	1	0	3	2	3	3	1	2	2	1	2	1	0	1	1	0	1	1	1	2	0	0	0	2	1	2
Pyrimidine nucleotides	0	1	1	0	1	3	1	2	2	2	2	1	7	4	0	0	1	2	3	2	0	4	3	3	2	0	3	4	3	3	6	2	1	4	2	3	3	3	3	2	4	2	2	2	1	5	5	4	2	3	4	4	2	0	3	3	3	1	3	3	2	1	4	1	2	3	3	5	6	3	4	1	2	1	2	1	1	6	1	3	3	3	3	2	2	0	2	2	4	4	5	3	4	2	5	3	6	3	4	3	3	2	3	6	8	4	3	4	0	1	6	3	3	5	6	4	1	6	4	5	3	1	0	1	1	4	2	1	2	2	2	3	2	5	3	5	2	3	3	3	5	6	2	7	5	1	2	2	2	6	1	2	1	2	1	1	3	1	3	1	1	7	2	3	2	4	2	1	5	4	3	2	1	1	7	2	4	3	4	1	1	3	2	3	2	3	3	5	4	3	3	3	2	3	3	4	4
Phenols	1	2	2	1	0	1	1	1	1	1	3	2	1	0	0	2	0	0	1	1	2	0	2	1	3	1	1	1	1	1	3	2	3	1	3	1	0	3	2	2	3	5	3	3	0	0	3	0	0	3	1	1	1	2	2	3	0	1	2	1	1	2	1	2	1	2	0	4	1	1	1	1	0	0	1	0	1	4	1	1	2	0	1	0	2	2	1	3	1	0	2	1	2	0	1	1	1	1	0	2	2	1	0	0	1	1	0	0	1	1	3	2	1	4	1	1	2	0	2	1	0	2	1	1	1	3	1	2	2	2	2	1	1	1	2	0	1	1	2	1	2	3	2	3	0	0	2	1	2	1	2	0	0	1	0	1	1	1	0	3	2	0	0	0	1	1	0	0	1	1	2	1	0	0	3	1	1	2	1	0	0	1	2	1	0	0	1	1	0	1	0	1	1	0	0	1	1
Oxazinanes	1	0	0	0	0	0	1	0	0	0	0	0	1	0	0	0	0	0	0	0	1	0	0	0	0	1	0	0	0	0	0	0	0	0	0	0	0	0	0	0	0	0	0	0	1	0	1	1	0	0	0	0	0	1	1	1	0	0	0	0	0	0	0	0	0	0	0	0	0	0	0	0	0	0	0	0	0	0	0	0	0	1	0	0	0	0	0	0	1	0	0	1	1	1	0	0	0	0	0	0	0	1	0	0	1	0	0	0	0	0	0	0	0	0	0	0	1	0	0	0	0	0	0	0	0	0	0	0	0	0	1	0	0	0	0	0	0	0	0	0	0	0	0	0	1	0	0	0	0	0	0	1	0	1	0	0	0	1	0	0	1	0	0	1	0	0	0	1	0	0	0	0	0	0	0	0	0	0	0	1	0	1	1	0	0	0	0	0	0	0	0	0	0	0	0	1	0
Benzopyrans	0	1	2	0	0	0	0	0	0	0	0	1	0	1	2	1	1	1	0	0	1	0	0	1	0	0	0	0	1	1	0	0	0	0	2	1	0	0	0	0	0	1	0	1	0	0	2	0	1	0	0	0	0	0	0	0	0	2	1	1	1	0	1	0	1	0	0	0	0	1	0	0	1	0	1	0	0	0	0	0	1	0	1	0	0	0	0	1	1	0	0	0	1	2	0	0	1	0	1	0	0	1	1	0	1	0	0	0	1	1	0	0	0	1	0	0	0	1	1	1	0	0	0	0	0	1	0	0	0	0	0	0	0	1	1	0	1	0	0	0	1	1	1	1	2	0	0	0	0	0	1	1	0	0	1	0	0	1	1	0	0	0	0	1	1	0	1	1	0	0	0	0	0	0	1	1	1	0	2	1	0	0	0	0	0	0	0	0	0	0	1	0	1	0	1	1	0
Quinolines and derivatives	2	3	2	2	2	1	1	2	2	2	2	2	2	1	2	2	2	1	1	2	2	2	2	2	1	1	1	1	2	1	3	1	3	2	2	2	1	3	0	1	2	2	3	2	1	3	2	2	3	2	3	2	2	2	3	2	1	1	2	2	3	3	2	2	2	2	2	1	2	1	2	1	2	1	1	2	2	0	3	2	3	2	2	0	3	2	2	2	0	2	3	2	1	2	2	2	1	1	2	2	0	1	1	2	2	3	1	2	0	0	2	2	3	1	2	2	2	1	2	2	2	2	2	1	2	2	1	0	2	1	2	2	1	3	1	2	0	2	2	2	2	3	2	2	2	2	2	2	2	1	3	2	2	2	2	1	1	2	2	2	2	1	2	1	1	2	2	1	1	1	1	2	2	2	1	2	2	1	2	2	3	2	2	2	1	1	0	2	3	0	0	1	2	1	2	1	3
Biotin and derivatives	0	0	0	0	0	0	0	0	0	0	0	0	0	0	0	0	0	0	0	0	0	0	0	0	0	0	0	0	0	0	0	0	0	0	1	1	0	0	0	0	0	0	0	0	0	0	0	0	0	0	0	0	0	0	0	1	0	0	0	0	1	1	0	1	1	0	1	1	0	1	1	0	1	1	0	1	1	0	1	0	1	0	1	0	1	0	1	0	0	1	1	1	0	0	1	1	1	1	1	1	1	1	0	1	1	1	0	0	0	0	1	1	1	1	0	1	1	0	1	1	1	1	0	0	1	1	1	0	1	1	1	0	1	0	0	1	0	1	1	1	1	1	0	1	1	1	0	1	1	0	1	1	0	1	1	1	1	1	1	1	0	1	0	0	0	1	0	1	1	1	1	0	0	1	1	1	1	1	0	1	0	1	1	1	1	0	1	0	1	1	0	1	1	0	1	0	0
Propargyl-type 1,3-dipolar organic compounds	1	2	2	1	1	1	1	1	1	1	2	1	2	0	1	2	0	1	1	2	1	1	2	1	0	0	0	1	0	1	0	1	1	1	2	1	2	1	2	1	1	1	1	2	0	0	1	0	0	1	1	0	1	1	0	1	0	0	0	2	0	1	1	0	1	0	0	2	0	1	0	1	1	1	0	1	1	0	1	1	1	0	0	0	0	1	0	0	0	1	1	1	1	1	0	0	0	0	0	0	0	1	1	0	0	1	0	0	0	0	1	0	0	1	1	0	0	1	0	1	0	0	1	1	2	2	0	0	1	1	1	1	1	1	0	0	0	0	0	1	1	1	0	1	2	1	0	2	0	1	1	0	0	0	1	1	1	1	0	2	0	1	1	0	2	1	1	1	0	2	2	1	1	1	1	0	1	1	1	1	2	0	0	1	1	1	0	0	0	0	0	1	1	1	1	0	0
Glycerophospholipids	0	0	1	1	0	0	1	0	1	1	0	0	1	1	1	1	1	1	1	1	1	1	2	1	1	1	1	0	0	1	1	1	0	1	0	0	1	1	2	0	1	0	0	1	0	1	0	1	0	0	1	1	0	1	1	1	0	1	1	1	2	2	0	1	0	0	0	0	0	0	1	1	0	0	1	1	0	1	0	1	1	0	1	2	1	2	0	0	0	0	1	0	1	0	1	2	2	2	0	1	2	0	1	1	1	2	1	1	1	0	1	1	1	3	2	1	1	0	2	1	1	0	1	1	0	0	1	0	1	2	1	1	1	1	1	0	2	2	1	2	0	1	1	1	1	1	1	2	0	1	2	0	1	1	2	2	1	1	1	2	2	1	1	1	1	1	1	1	0	1	1	0	1	1	1	0	0	0	1	1	0	1	1	0	1	1	1	1	2	0	1	2	1	2	0	2	1
Pyrans	1	1	1	1	1	2	1	1	1	2	0	2	1	0	1	1	1	2	1	2	0	2	0	0	0	0	0	0	1	0	2	1	0	2	1	0	0	0	1	1	1	0	1	1	0	2	0	1	1	0	1	0	1	1	0	1	0	1	1	1	1	3	2	2	0	0	1	1	2	1	0	2	0	0	0	0	1	1	1	2	0	0	0	1	1	2	1	0	0	0	1	1	0	1	2	0	0	1	0	2	1	1	1	1	1	1	0	0	1	0	1	1	0	2	2	1	1	1	2	0	2	1	1	1	1	0	1	0	1	0	1	2	2	0	0	1	1	2	2	2	0	1	0	1	1	0	1	0	1	2	0	1	0	0	0	1	0	1	1	1	1	1	0	1	2	1	0	0	1	0	0	2	2	1	0	2	1	1	1	0	0	0	1	1	0	1	0	0	1	0	1	1	1	1	1	0	1
Organic carbonic acids and derivatives	3	2	2	4	3	3	2	1	2	2	2	1	2	2	1	1	2	1	3	4	2	2	1	1	2	2	2	1	1	0	3	1	1	0	0	1	2	4	2	1	1	2	1	2	1	2	1	1	2	0	1	2	1	1	2	2	0	0	1	0	1	2	0	0	1	0	2	0	2	2	1	0	0	2	1	0	1	1	1	0	1	1	0	2	0	1	1	0	2	2	1	0	2	0	1	1	0	1	2	0	2	1	1	1	1	1	2	2	0	0	1	1	1	2	0	0	0	0	1	0	0	2	1	2	1	0	0	0	2	2	1	0	0	0	0	1	0	1	1	0	0	0	0	1	1	2	0	1	1	2	1	2	1	1	1	2	1	2	0	2	1	2	1	0	1	0	2	2	2	2	2	1	1	0	0	0	2	2	2	3	1	2	1	3	1	0	2	1	2	1	0	1	1	2	1	0	1
Sulfenyl compounds	0	0	1	0	0	0	1	0	0	1	2	0	0	1	0	1	0	0	0	1	1	0	0	1	0	1	1	0	0	0	0	2	0	0	1	1	0	2	1	0	1	0	1	0	0	2	1	0	1	0	0	0	0	0	0	2	0	2	1	2	1	1	1	2	1	2	1	1	0	0	1	2	0	0	0	1	0	1	1	0	1	2	2	1	2	1	1	1	1	2	1	0	1	0	1	1	0	0	1	2	1	2	2	2	0	2	1	0	1	0	1	0	0	1	2	0	0	0	1	1	1	0	0	0	1	0	1	1	0	0	0	0	0	1	1	0	0	0	0	1	0	0	0	0	0	0	1	2	1	1	0	0	0	1	0	0	0	1	1	1	0	0	0	0	0	0	0	0	0	1	1	0	0	0	0	0	0	0	0	0	1	0	1	1	0	0	0	1	1	0	2	0	1	0	0	1	0
Anthracenes	0	0	0	0	1	0	1	1	2	0	0	0	0	0	0	0	0	1	0	0	0	1	0	0	0	0	1	0	0	0	0	0	0	0	0	0	0	0	0	0	0	0	0	1	1	0	1	0	1	1	1	0	0	0	0	0	0	0	1	0	1	0	1	0	0	0	0	1	0	0	0	0	0	0	1	0	0	0	0	0	0	0	0	0	1	0	1	1	2	1	1	0	0	1	1	0	0	0	0	1	0	1	1	0	0	0	0	0	0	0	0	1	0	0	0	0	1	0	0	0	0	0	1	1	0	1	0	0	0	1	0	1	1	1	0	1	0	1	0	0	1	0	1	0	0	1	0	2	0	1	0	0	1	0	0	0	0	0	1	1	0	0	0	0	0	1	1	0	0	0	0	0	0	0	0	0	0	0	0	0	0	0	1	1	0	0	0	0	0	0	0	1	0	0	0	0	0
Phenanthrenes and derivatives	0	0	0	0	0	0	0	0	0	0	0	0	0	0	0	0	1	0	0	0	0	0	0	0	0	0	0	0	0	0	0	0	0	0	0	0	0	0	0	0	0	0	0	0	0	0	0	0	0	0	0	0	0	0	0	0	0	0	0	0	0	0	0	0	0	0	0	0	0	0	0	0	0	0	0	0	0	0	0	0	0	0	0	0	0	0	0	0	0	0	0	0	0	0	0	0	0	0	0	0	0	0	0	0	0	0	0	0	0	0	0	0	0	0	0	0	0	0	0	0	0	0	0	0	0	0	0	0	0	0	0	0	0	0	0	0	0	0	0	0	0	0	0	0	0	0	0	0	0	0	0	0	0	0	0	0	0	0	0	0	0	0	0	0	0	0	0	0	0	0	0	0	0	0	0	0	0	0	0	0	0	0	0	0	0	0	0	0	0	0	0	0	0	0	0	0	0
Isoindoles and derivatives	0	0	0	0	0	0	0	0	0	0	0	0	0	0	0	0	0	0	0	0	0	0	0	0	1	0	0	0	0	0	0	0	0	1	0	0	0	0	0	0	0	0	0	0	0	0	0	0	0	0	0	0	0	0	0	0	0	0	0	0	0	0	0	0	0	0	0	0	0	0	0	0	0	1	0	0	0	0	0	0	0	0	0	1	0	0	0	0	0	0	0	0	0	0	0	0	0	0	0	0	0	0	0	0	0	0	0	0	0	0	0	0	0	0	0	0	1	0	0	0	1	0	0	0	1	0	0	0	0	0	0	0	0	0	0	0	0	0	0	0	0	0	0	0	1	0	0	0	0	0	0	0	0	0	0	0	0	0	0	0	0	1	0	0	0	0	0	0	0	0	0	0	0	0	0	0	0	0	0	0	0	1	0	0	0	0	1	0	0	0	0	0	0	1	0	0	0
Indoles and derivatives	0	0	0	0	0	0	0	0	1	0	0	1	0	0	0	0	1	0	0	0	0	0	0	0	1	0	0	0	0	0	1	0	0	0	0	0	0	0	1	1	0	1	1	0	0	0	0	0	0	0	0	1	0	0	0	0	0	0	0	1	0	0	0	0	1	0	0	0	0	0	1	0	0	2	0	1	0	0	3	1	0	0	0	0	1	0	1	0	1	0	0	2	1	0	1	0	1	2	0	0	1	0	0	2	2	0	0	1	0	0	0	0	1	1	2	0	2	0	0	0	1	0	1	1	0	0	1	0	1	1	2	2	0	0	0	1	0	0	1	1	0	0	0	0	0	1	0	2	1	2	1	0	0	0	1	0	0	0	1	1	1	0	0	0	0	0	0	0	1	0	0	1	0	1	1	0	0	0	0	0	0	1	1	2	1	1	0	1	2	1	2	0	1	1	1	0	0
Organic sulfuric acids and derivatives	1	0	0	1	1	1	2	1	1	1	1	2	0	1	0	0	1	1	0	1	1	1	1	2	0	2	1	0	3	2	1	0	1	0	0	0	0	1	1	0	2	0	1	3	1	1	0	1	2	1	1	2	0	1	2	0	1	0	0	0	1	2	0	1	1	1	0	1	1	0	0	1	1	1	1	0	1	1	0	0	0	0	1	0	0	0	1	1	0	0	0	0	1	1	1	1	1	0	0	0	0	1	3	1	1	0	0	0	0	1	1	1	1	1	1	2	0	0	0	0	0	0	0	1	0	0	0	0	0	0	0	1	0	0	0	1	0	1	0	0	0	0	1	0	0	0	0	0	0	0	1	1	1	1	0	1	1	0	0	2	1	0	0	1	0	1	0	0	0	0	0	0	1	0	0	0	1	0	0	0	0	1	0	0	0	1	0	0	0	0	1	0	0	0	0	1	0
Benzimidazoles	1	2	2	2	1	2	2	2	3	2	2	2	3	1	3	2	2	3	2	4	3	3	2	2	2	2	3	1	3	1	3	0	1	1	2	2	2	2	3	3	1	1	3	1	2	1	1	2	2	1	2	1	1	1	1	1	0	1	1	2	1	1	1	2	1	1	1	1	3	2	0	1	1	2	0	2	1	1	2	2	0	1	1	1	2	2	2	2	1	0	3	2	2	0	2	1	1	1	2	1	1	1	0	1	0	2	2	2	3	1	0	1	3	1	1	2	0	3	3	2	1	2	2	2	2	0	1	1	2	2	2	2	3	2	2	0	1	3	1	1	2	1	3	1	3	2	1	2	2	1	2	1	1	3	3	2	2	2	3	1	2	1	2	2	3	0	2	3	3	3	1	1	2	1	0	2	2	3	1	1	2	3	1	2	1	1	1	2	1	1	0	1	0	0	2	0	2
Organothiophosphorus compounds	1	1	1	1	1	1	1	1	1	2	1	2	2	2	2	1	2	2	2	1	2	1	2	2	2	2	2	2	2	1	2	2	2	1	1	1	1	1	1	1	1	2	2	2	1	2	1	0	2	1	1	2	2	2	1	1	0	2	2	2	0	2	2	1	2	2	2	2	0	1	1	2	0	0	0	2	0	2	2	1	1	2	2	1	1	2	2	2	1	0	1	2	1	1	0	2	2	1	1	1	1	3	2	2	2	0	0	1	1	2	1	0	1	1	2	2	2	1	1	1	2	0	0	1	1	3	1	1	1	1	0	1	2	3	0	2	1	2	0	0	3	2	2	1	1	0	1	0	0	1	2	1	1	1	0	3	0	2	1	2	0	1	0	2	1	2	2	2	2	0	1	1	0	0	3	1	1	0	1	3	0	0	1	1	1	0	1	0	1	2	2	1	1	0	1	2	2
Macrolactams	0	1	0	0	0	0	0	1	1	2	0	0	1	0	0	0	0	0	0	1	1	1	0	0	0	0	1	1	1	0	1	0	0	0	0	1	1	0	1	1	0	1	0	0	0	0	0	0	1	1	0	1	1	1	0	0	0	0	0	0	0	0	0	1	0	1	0	1	0	0	0	0	0	0	0	0	0	2	0	0	0	0	0	0	0	0	0	0	0	0	0	0	0	0	0	0	0	0	0	0	0	1	0	0	0	1	0	0	0	0	1	0	0	0	0	0	1	0	0	0	0	0	0	0	1	0	0	0	1	0	0	0	0	0	0	0	0	0	1	1	0	0	0	0	1	1	0	0	0	0	0	0	1	0	0	0	1	0	1	0	0	1	1	0	1	0	1	0	0	1	0	0	0	0	0	1	1	0	0	1	0	0	0	0	1	0	0	0	0	0	0	0	0	1	0	0	0
Borinic acid derivatives	0	0	0	0	0	0	0	0	0	1	0	0	0	0	0	0	0	0	0	1	1	0	0	0	1	0	0	1	1	0	0	0	0	1	0	0	0	0	0	1	0	0	0	0	0	0	0	0	0	0	1	1	0	0	1	0	0	0	1	0	0	1	0	0	0	0	1	0	0	1	0	0	1	1	0	1	0	0	1	0	0	0	0	0	0	1	0	0	2	0	0	0	0	0	0	0	1	2	1	0	0	1	1	0	0	0	0	0	0	0	0	1	1	1	0	1	0	0	0	1	2	1	0	0	1	0	0	0	1	0	1	0	0	1	0	0	0	0	0	0	2	0	0	1	0	0	0	0	0	1	0	0	1	1	0	0	0	0	0	1	0	0	0	0	0	1	0	0	1	0	0	0	0	0	1	0	0	0	1	1	1	1	1	1	0	0	1	0	1	1	0	1	1	1	0	0	0
Triazines	3	2	1	2	0	2	3	4	4	3	2	4	2	0	2	1	2	2	1	1	2	2	1	0	2	3	2	1	3	1	1	2	2	2	3	1	3	1	3	1	4	2	3	0	1	0	0	1	2	3	2	2	3	2	2	0	0	1	1	2	1	1	1	1	2	1	5	2	2	3	2	1	0	1	2	2	4	1	1	1	1	1	2	2	3	1	1	2	1	1	2	3	1	2	1	1	2	5	4	2	3	3	2	2	0	1	1	3	3	4	1	1	2	2	1	2	2	2	1	2	2	1	1	2	1	2	2	1	2	3	1	1	4	2	1	1	1	1	2	2	2	1	1	1	2	1	1	1	2	2	2	1	1	3	2	2	2	1	2	1	4	1	1	2	1	2	2	2	3	1	3	0	4	2	2	2	0	1	2	2	1	2	1	3	3	1	2	4	3	2	1	1	1	1	3	0	1
Organochlorides	1	0	0	2	0	2	1	1	0	0	0	0	0	0	0	0	1	1	0	0	0	1	1	1	1	0	0	0	2	0	0	0	2	1	0	1	1	2	0	1	1	0	1	1	0	1	1	1	1	0	1	1	0	0	1	1	1	0	0	0	0	0	0	0	0	0	1	0	1	1	0	0	1	1	1	0	0	0	0	0	0	0	0	0	1	1	1	0	1	1	1	0	1	0	0	1	0	0	1	0	0	0	0	0	0	0	0	0	0	2	0	0	0	0	0	0	0	0	1	1	1	0	1	1	0	0	0	0	0	0	1	1	1	2	2	1	0	1	0	1	0	2	1	2	0	0	1	0	0	1	1	2	1	2	0	1	1	0	0	1	0	0	2	1	0	2	0	1	1	0	1	0	1	1	0	0	1	0	0	1	0	0	1	0	1	1	1	1	1	0	0	0	1	0	1	0	0
Naphthalenes	2	3	1	1	1	1	1	2	1	0	1	2	1	0	1	1	1	0	1	1	1	1	1	0	2	0	1	0	2	1	0	1	1	0	1	2	2	0	1	0	1	0	0	0	0	2	1	0	0	0	0	1	1	2	1	1	3	0	0	0	0	0	1	0	2	1	2	0	0	1	1	1	1	1	1	1	1	1	0	0	1	0	2	0	0	3	1	1	1	2	1	2	3	1	0	0	0	1	0	1	2	2	1	1	1	1	0	0	0	0	1	1	2	2	1	1	0	0	1	3	3	1	2	1	3	1	1	2	1	1	1	1	3	2	0	1	0	3	1	0	1	0	1	1	2	1	1	0	1	1	2	1	2	1	2	2	3	2	0	1	1	1	1	1	1	1	1	1	2	2	2	2	1	1	1	1	2	3	3	1	1	1	1	1	1	2	1	2	0	1	1	1	1	0	0	0	0
Benzothiazoles	0	0	0	0	0	0	0	1	1	1	0	0	0	1	0	0	0	1	0	1	0	0	0	0	0	0	1	1	0	1	0	0	0	0	1	0	0	0	0	1	0	0	0	0	0	0	0	0	0	0	1	0	0	0	0	0	0	0	0	0	0	0	0	0	0	0	0	1	0	0	1	0	0	0	0	0	0	0	0	0	0	0	0	0	0	0	0	0	0	0	0	0	0	0	0	0	0	0	0	0	0	0	1	0	0	0	0	1	0	0	0	0	0	0	0	0	0	0	0	0	0	0	0	0	0	0	0	0	0	0	0	0	0	0	0	0	0	0	0	0	1	0	0	0	0	0	0	0	0	0	0	0	0	0	0	0	0	0	0	0	0	0	0	0	0	0	0	0	0	0	0	0	0	0	1	0	0	0	0	0	0	0	0	0	0	0	0	0	0	0	0	0	0	0	0	0	0
Isoflavonoids	0	0	0	0	0	1	0	0	0	0	0	0	0	0	0	0	0	0	0	0	0	0	0	0	0	0	0	0	0	0	0	0	0	2	0	1	0	1	0	0	1	1	0	0	0	0	0	0	0	0	0	0	0	0	0	0	0	0	0	0	0	0	0	0	0	0	0	0	0	0	0	0	0	0	1	0	1	0	0	0	0	0	0	0	0	0	0	0	1	0	1	2	1	0	0	0	0	0	0	2	0	0	1	0	0	1	0	0	0	0	0	0	1	1	0	0	0	0	0	0	1	1	0	0	0	1	1	0	0	0	0	0	0	0	0	0	0	0	0	0	0	1	0	0	0	0	0	0	1	1	1	0	0	0	0	0	0	0	0	0	1	0	0	0	0	0	0	0	1	0	1	0	0	0	0	0	0	0	0	0	0	0	1	0	0	0	0	0	0	0	0	0	0	0	0	0	0
Organofluorides	0	0	0	1	0	0	1	1	1	1	0	1	1	2	0	1	0	0	0	1	0	0	1	0	2	0	0	1	0	1	2	0	0	1	0	0	0	0	1	0	1	2	0	0	1	2	2	2	2	2	1	0	0	0	1	1	0	0	0	1	1	1	1	1	1	0	0	1	1	0	0	0	0	0	0	0	0	2	0	0	1	1	1	0	0	0	0	0	0	1	0	1	0	1	1	0	0	0	0	1	0	0	0	0	1	0	0	0	1	1	0	2	1	0	0	1	0	0	1	0	0	0	0	0	0	1	1	0	1	0	0	0	1	0	0	0	0	1	0	0	0	1	0	1	0	0	1	0	0	0	0	0	0	0	0	0	0	0	1	0	0	0	0	0	0	0	0	0	0	0	0	0	0	0	0	1	0	0	1	0	0	1	2	0	1	1	1	0	1	0	0	0	0	0	0	0	0
Benzodioxoles	0	1	0	0	0	0	0	0	0	0	0	0	1	0	0	1	0	0	0	0	0	0	0	0	0	0	0	1	0	0	0	0	0	0	0	0	0	0	0	0	0	1	1	0	0	1	1	0	0	0	1	0	0	0	0	0	0	0	1	0	1	0	0	1	1	0	0	1	0	1	0	0	0	0	0	0	0	0	0	0	0	0	0	1	1	0	0	1	1	0	0	0	0	0	1	0	1	0	0	0	0	0	0	0	0	1	0	0	0	0	0	0	0	0	0	0	0	0	0	0	0	1	0	0	0	0	0	0	0	0	0	0	0	0	0	0	0	0	0	0	0	0	0	0	0	0	0	0	0	0	0	0	0	1	0	1	0	0	0	0	0	1	0	0	0	0	0	0	0	0	0	0	0	0	0	0	0	1	0	0	0	0	0	0	0	0	0	0	0	0	0	0	0	0	1	0	0
Triazolopyrimidines	0	0	0	0	0	0	0	0	0	0	0	0	0	0	0	0	0	0	0	0	0	0	0	0	0	0	0	0	0	0	0	0	0	0	0	0	0	0	0	0	0	0	0	0	0	0	0	1	0	0	0	0	0	0	0	0	0	0	0	0	0	0	0	0	0	0	0	0	0	0	0	0	0	0	0	0	0	0	0	0	0	0	0	0	0	0	0	0	0	0	0	0	0	0	0	0	0	0	0	0	0	0	0	0	0	0	0	0	0	0	0	0	0	0	0	0	1	0	0	0	0	0	0	0	0	0	0	0	0	0	0	0	0	0	0	0	0	0	0	0	0	0	0	0	0	0	0	0	0	0	0	0	0	0	0	0	0	0	0	0	0	0	0	0	0	0	0	0	0	0	0	0	0	0	0	0	0	0	0	0	0	0	0	0	0	0	0	0	0	0	0	0	0	0	0	0	0
Organic phosphonic acids and derivatives	0	0	2	0	0	1	0	0	2	2	2	1	1	1	1	1	2	1	0	0	1	1	0	0	2	2	0	1	3	0	0	0	0	1	2	1	0	0	2	0	1	1	2	1	1	1	0	0	0	2	1	1	1	2	1	1	0	0	0	0	0	0	1	0	1	0	1	0	2	1	0	0	0	0	0	0	0	0	1	0	0	1	1	0	1	0	1	0	0	1	0	0	0	1	0	0	0	2	3	1	0	0	2	0	1	0	0	0	1	0	0	0	1	1	1	1	0	1	2	1	1	1	1	0	0	0	1	0	0	0	0	0	2	0	0	1	2	1	1	0	1	1	0	2	2	1	0	1	0	2	0	1	1	0	1	0	0	0	2	0	0	1	1	0	0	1	1	0	1	1	0	2	0	0	1	2	1	2	3	4	0	3	0	0	1	0	0	0	0	1	0	0	1	0	1	1	0
Oxanes	1	1	1	2	0	1	0	0	0	0	0	1	1	0	0	0	0	1	1	1	0	1	1	1	1	0	0	0	0	1	1	0	0	0	1	2	2	1	2	0	0	1	0	0	0	0	0	2	0	0	1	2	0	0	3	0	1	0	0	1	0	0	0	0	0	0	1	0	0	1	0	0	2	1	0	0	0	0	2	1	1	1	0	0	0	0	0	1	1	1	2	0	0	1	1	0	1	1	0	0	0	0	1	1	1	0	1	0	0	0	1	0	1	0	1	0	2	0	3	1	1	1	2	1	2	1	0	0	1	1	2	1	0	0	1	0	0	0	1	0	0	1	0	1	0	0	1	1	0	1	1	0	0	1	1	2	0	1	1	1	0	0	0	0	1	1	1	0	0	1	1	2	1	0	1	1	2	0	0	3	1	0	1	1	1	0	0	0	1	1	0	1	1	0	1	0	1
Pyrimidine nucleosides	0	0	0	0	0	0	0	0	0	0	0	0	0	0	0	0	0	0	0	1	0	0	0	1	0	0	0	0	0	0	0	0	0	1	0	1	0	1	0	0	0	0	1	1	1	1	2	1	0	1	0	0	0	1	1	0	0	0	1	0	1	1	2	1	2	2	0	2	0	0	0	0	0	0	0	0	0	0	0	0	2	0	1	0	0	0	0	0	0	0	0	0	0	0	0	1	0	0	0	0	0	1	0	0	0	1	1	0	0	0	0	1	0	2	0	0	0	0	0	0	0	0	0	0	0	0	0	0	0	0	0	0	0	1	0	0	0	0	0	0	1	0	0	0	0	0	0	0	0	0	0	0	1	0	1	0	0	0	0	1	0	0	0	1	0	0	0	0	0	0	1	0	0	0	0	0	0	0	0	0	0	0	0	0	0	0	0	0	1	1	0	0	1	1	0	0	0
Thiocarbonyl compounds	1	1	1	1	1	1	0	1	0	1	1	1	1	0	1	1	1	1	0	1	1	1	0	0	1	1	0	1	1	1	1	0	1	1	1	0	1	1	1	0	1	1	0	0	0	1	1	0	0	1	1	0	1	1	1	1	0	0	1	1	1	1	1	1	1	1	0	1	0	0	0	0	0	0	0	0	0	1	0	1	0	0	0	1	0	1	1	0	0	0	0	1	0	1	1	0	0	0	1	0	0	0	0	0	1	0	0	1	0	0	0	0	1	0	0	1	0	1	0	0	0	1	0	1	0	0	0	0	1	0	0	1	1	0	0	1	1	1	0	1	1	0	0	0	1	1	0	1	1	1	0	0	1	1	1	1	1	0	0	1	1	0	1	0	0	0	1	1	1	1	0	1	0	0	1	1	0	0	1	0	1	0	0	1	0	0	0	0	0	1	0	0	0	1	1	0	1
Sulfinyl compounds	0	0	0	0	0	0	0	0	0	0	0	0	0	0	0	0	0	0	0	0	0	0	0	0	0	0	0	0	0	0	0	0	0	1	0	0	0	0	0	0	0	0	0	0	0	0	0	0	0	0	0	0	0	0	0	0	0	0	0	0	0	0	0	0	0	0	0	0	0	0	0	0	0	0	0	0	0	0	0	0	0	0	0	0	0	0	1	0	0	1	0	0	1	0	0	0	0	0	1	0	0	0	0	0	0	0	0	1	0	0	0	1	1	0	0	0	0	0	0	0	0	0	0	0	0	1	0	0	0	1	0	1	0	0	0	0	0	0	1	0	0	0	0	0	1	1	0	0	0	0	0	0	0	0	1	0	0	0	0	0	0	0	0	0	0	0	1	0	0	0	0	1	0	0	1	0	0	0	0	0	0	0	0	0	0	0	0	0	0	0	0	0	0	0	1	0	0
Oxacyclic compounds	0	0	0	0	0	0	0	0	0	0	0	0	0	0	0	0	0	0	0	0	0	0	0	0	0	0	0	0	0	0	0	0	0	0	0	0	0	0	0	0	0	0	0	0	0	0	0	0	0	0	0	0	0	0	0	0	1	0	0	0	0	0	0	0	0	0	0	0	0	0	0	0	0	1	0	0	1	0	0	0	0	0	0	0	0	0	0	0	0	0	0	0	0	0	0	0	0	0	1	0	0	0	0	0	0	0	0	0	0	0	0	0	0	0	0	1	0	0	0	0	0	0	0	0	0	0	0	0	0	0	0	0	0	0	0	0	0	0	0	0	1	0	0	0	0	0	0	0	0	1	0	0	0	0	0	0	0	0	0	0	0	0	0	0	0	0	0	0	0	0	0	0	0	0	1	0	0	0	1	0	0	0	0	1	0	0	0	0	1	0	0	0	0	1	0	0	0
Furanoid lignans	0	0	0	0	0	0	0	0	0	0	0	0	0	0	0	0	0	0	0	0	0	0	0	0	0	0	0	0	0	1	1	2	0	0	0	0	0	2	0	0	0	0	0	2	0	0	0	0	0	0	0	0	0	0	0	0	0	0	0	0	0	0	0	0	0	0	0	0	0	0	0	0	0	0	0	0	0	0	0	0	0	0	0	0	0	0	0	0	0	0	0	0	0	0	0	0	0	0	0	0	0	0	0	0	0	0	0	0	0	0	0	0	0	0	0	0	0	0	0	0	0	0	0	0	0	0	0	0	0	0	0	0	0	0	0	0	0	0	0	0	0	0	0	0	0	0	0	0	0	0	0	0	0	0	0	0	0	0	0	0	0	0	0	0	0	0	0	0	0	0	0	0	0	0	0	0	0	0	0	0	0	0	0	0	0	0	0	0	0	0	0	0	0	0	0	0	0
Piperidines	0	0	0	0	0	0	0	0	0	0	0	0	0	0	0	0	0	0	0	0	0	0	0	0	1	0	0	0	0	0	1	0	0	0	0	0	0	0	0	0	0	0	0	0	0	0	0	0	0	0	0	0	0	0	0	0	0	0	0	0	0	0	0	0	0	0	0	0	0	1	1	0	0	0	1	0	0	0	1	0	1	0	1	0	0	0	0	1	1	1	1	0	0	0	1	0	0	1	1	1	0	1	1	1	0	0	0	0	0	0	0	1	0	1	0	1	1	0	1	1	1	1	0	0	1	0	0	0	0	0	0	0	0	0	0	0	0	0	0	1	0	0	0	1	0	0	0	0	0	0	0	0	0	0	0	0	0	0	0	0	0	0	0	0	0	1	1	0	0	0	0	0	0	0	0	0	0	0	0	1	1	0	0	1	0	0	0	0	0	0	0	0	0	0	0	0	0
Quinolizines	0	0	0	0	0	0	0	0	0	0	0	0	0	0	0	0	0	0	0	0	0	0	0	0	0	0	0	0	0	0	0	0	0	0	0	0	0	0	0	0	0	0	1	0	0	0	0	0	0	0	0	0	0	0	0	1	0	0	0	0	0	0	0	0	0	0	0	0	0	0	0	0	1	0	1	0	1	0	0	0	0	0	1	0	1	0	0	0	0	1	0	0	0	0	1	0	0	1	0	0	0	0	1	0	0	0	0	0	0	0	0	0	1	0	0	0	0	0	0	0	0	0	0	0	0	0	0	0	0	0	0	0	0	0	0	0	0	0	0	0	0	0	0	0	0	0	0	0	0	0	0	0	0	0	0	1	0	0	1	0	0	0	0	0	0	0	0	0	0	0	0	0	0	1	0	0	0	0	0	0	1	1	1	0	1	0	0	0	1	1	0	0	0	0	1	0	0
Saccharolipids	0	0	0	0	0	0	0	1	1	1	0	0	0	0	0	0	1	0	0	0	0	1	0	0	1	1	0	0	0	1	0	1	0	0	0	0	1	1	1	0	0	0	0	0	0	0	0	0	0	0	0	0	0	0	0	0	0	0	0	0	0	0	0	0	0	0	0	0	0	0	0	1	0	0	0	0	0	0	0	0	0	0	0	0	0	1	0	0	0	0	0	0	0	0	0	0	0	0	0	0	0	0	0	0	0	0	0	0	0	0	0	0	0	0	0	0	0	0	0	0	0	0	0	0	0	0	0	0	0	0	0	0	0	0	0	0	0	0	0	0	0	0	0	0	0	0	0	0	0	0	0	0	0	0	0	0	0	0	0	0	0	0	0	0	0	0	0	0	0	0	0	0	1	1	0	0	0	0	0	0	0	0	0	0	1	0	0	0	0	0	0	0	0	0	0	0	0
Imidolactams	0	0	0	0	0	0	0	0	1	1	0	1	0	0	0	0	0	0	0	0	0	0	1	0	0	1	0	0	0	0	1	0	0	0	0	0	0	0	0	0	0	0	0	0	0	1	0	0	1	0	1	0	1	0	0	0	0	0	1	1	1	1	1	1	0	1	0	1	0	0	0	0	0	0	0	0	0	1	1	0	1	0	0	0	0	0	0	0	0	0	0	0	0	0	0	0	0	0	0	0	0	0	0	0	0	0	0	0	0	0	0	0	0	0	0	0	0	0	0	0	0	0	0	0	0	0	0	0	0	0	0	0	0	0	0	0	0	0	0	0	0	0	0	0	0	0	0	0	0	0	0	0	0	0	0	0	0	0	0	0	0	0	0	0	0	0	1	0	0	0	0	0	0	0	0	0	0	0	0	0	0	0	0	0	0	0	0	0	0	0	0	0	0	0	0	0	0
Naphthopyrans	0	1	0	0	0	0	0	1	1	0	1	0	1	0	0	1	1	1	0	1	1	2	1	1	2	0	0	0	0	1	1	0	0	0	1	0	2	1	1	1	0	1	0	1	0	0	0	0	0	1	1	1	0	0	1	0	0	0	0	0	0	0	0	0	0	0	2	0	0	2	0	1	1	0	0	1	0	1	2	0	0	1	1	1	1	2	1	1	0	1	0	0	1	0	1	0	0	1	1	1	0	0	0	1	0	1	1	1	0	1	0	1	0	0	1	0	0	0	2	1	0	1	0	2	0	1	1	0	0	2	1	1	0	1	2	1	1	0	2	0	2	0	0	1	0	1	1	0	1	1	2	0	0	2	0	2	0	1	1	1	1	0	0	0	0	0	0	0	0	0	1	1	1	1	1	1	1	2	1	1	2	1	1	0	0	0	1	1	0	0	0	0	1	1	1	0	1
(5'->5')-dinucleotides	0	0	0	0	0	1	0	0	0	0	0	0	0	0	0	0	0	0	0	0	0	0	1	0	0	0	0	0	0	0	0	0	0	0	0	1	0	0	0	0	0	0	0	0	0	0	0	1	1	0	0	0	0	0	0	0	0	0	0	0	0	0	0	0	0	0	0	0	0	0	0	0	0	0	0	0	0	0	0	0	0	1	0	0	0	0	0	1	0	0	0	0	0	0	0	0	0	0	0	0	0	0	0	0	0	0	0	0	0	0	0	0	0	0	0	0	0	0	0	0	0	0	0	0	0	1	0	0	0	0	0	0	0	1	0	0	0	0	0	0	1	0	0	0	0	0	1	0	0	0	0	0	0	0	0	0	0	0	0	0	0	0	0	0	0	0	0	0	0	0	0	0	0	0	0	0	0	0	0	0	0	0	0	0	0	0	0	0	0	0	1	0	1	1	0	1	1
Lignan lactones	0	0	0	0	0	0	0	0	0	0	1	0	0	0	0	0	0	0	0	0	0	0	0	0	0	0	0	0	0	0	0	0	0	0	0	0	0	0	0	0	0	0	0	0	0	0	0	0	0	0	0	0	0	0	0	0	0	0	0	0	0	0	0	0	0	0	1	0	0	0	0	0	0	0	0	0	0	0	0	0	0	0	0	0	0	0	0	0	0	0	0	0	0	0	0	0	0	0	0	0	0	0	0	0	0	0	0	0	0	0	0	0	0	0	0	0	0	0	0	0	0	1	0	0	0	0	0	0	0	0	0	0	0	0	0	0	0	0	0	0	0	0	0	0	0	0	0	0	0	0	0	0	0	0	0	0	0	0	0	0	0	0	1	0	0	0	0	0	0	0	0	0	0	0	0	0	0	0	0	0	0	0	0	0	0	1	0	1	0	0	0	0	0	0	0	0	0
Lactams	0	0	0	0	0	0	0	0	0	0	0	0	0	0	0	0	0	0	0	0	0	0	0	0	0	0	0	0	0	0	0	0	0	0	0	0	0	0	0	0	0	0	0	0	0	1	0	0	0	0	0	0	0	0	0	0	0	0	0	0	0	0	0	0	0	0	0	0	0	0	0	0	0	0	0	0	0	0	0	0	0	0	0	0	0	0	0	0	0	0	0	0	0	0	0	0	0	0	0	0	0	0	0	0	0	0	0	0	0	0	0	0	0	0	0	0	0	0	0	0	0	0	0	0	0	0	0	0	0	0	0	0	0	0	0	0	0	0	0	0	0	0	0	0	0	0	0	0	0	0	0	0	0	0	0	0	0	0	0	0	0	0	0	0	0	0	0	0	0	0	0	0	0	0	0	0	0	0	0	0	0	0	0	0	0	0	0	0	0	0	0	0	0	0	0	0	0
Tetrahydrofurans	1	1	0	1	1	0	0	0	1	1	1	0	1	1	0	1	1	0	1	1	0	0	1	0	1	1	0	0	1	0	0	1	1	0	1	1	1	0	0	1	0	0	0	0	0	1	0	1	1	1	0	1	0	1	1	1	1	1	0	0	1	1	1	1	1	1	1	1	0	1	1	1	0	0	1	1	1	1	0	1	1	0	1	0	0	1	1	0	0	1	1	1	1	1	1	1	1	1	0	1	1	1	1	0	1	1	1	1	0	0	1	1	1	1	1	1	1	1	1	1	1	1	1	1	1	1	1	0	1	0	1	1	1	1	1	1	0	1	1	1	0	1	1	1	1	0	1	0	1	1	1	1	1	1	1	0	1	0	1	1	1	1	1	0	1	1	1	0	1	1	1	1	1	1	0	1	1	1	1	1	1	0	1	0	1	0	0	0	1	1	0	1	1	1	1	0	1
5'-deoxyribonucleosides	0	0	0	0	0	0	0	0	0	1	0	0	0	0	0	0	0	0	0	0	0	0	0	0	0	0	0	0	0	0	0	0	0	0	0	0	0	0	0	0	1	0	0	0	0	0	0	0	0	0	0	0	0	0	0	0	0	0	0	0	0	0	0	0	0	0	0	0	1	0	0	0	0	0	0	0	0	0	0	0	0	0	0	0	1	1	0	1	0	0	1	0	0	0	0	1	0	1	0	1	0	0	0	0	0	0	0	0	0	0	0	0	0	0	0	0	0	0	0	0	0	0	0	0	0	0	0	0	0	0	0	0	0	0	0	0	0	0	0	0	1	0	0	0	0	0	0	0	0	0	0	0	0	1	0	0	0	0	0	0	0	0	0	0	0	0	0	0	0	0	0	0	0	0	0	0	0	0	1	0	0	0	0	0	1	1	0	0	0	0	0	0	0	0	0	0	0
Lignan glycosides	0	0	0	0	0	0	0	0	0	0	0	0	0	0	0	0	0	0	0	0	0	0	0	1	0	0	0	0	0	0	0	0	0	0	0	0	0	0	0	0	0	0	0	0	0	0	0	0	0	0	0	0	0	0	0	0	0	1	0	0	0	0	0	0	0	0	0	0	0	0	0	0	0	0	0	0	0	0	1	0	0	0	0	0	0	0	0	0	0	0	0	0	0	0	0	0	0	0	0	0	0	0	0	0	0	0	0	0	0	0	0	0	0	0	0	0	0	0	0	0	0	0	0	0	0	0	0	0	0	0	0	0	0	0	0	0	1	0	0	0	0	0	0	0	0	0	0	0	0	0	0	0	0	0	1	0	1	0	0	0	0	0	0	0	0	0	0	0	0	0	0	0	0	0	0	0	0	0	0	0	0	0	0	0	0	0	0	0	0	0	0	0	0	0	0	0	0
Isocoumarins and derivatives	0	0	0	0	0	0	0	0	0	0	0	0	0	0	0	0	0	0	0	0	0	0	0	0	0	0	0	0	0	0	0	0	0	0	0	0	0	0	0	0	0	0	0	0	0	0	0	0	0	0	0	0	0	0	1	0	0	0	0	0	0	0	0	0	0	0	0	0	0	0	0	0	0	0	0	0	0	0	0	0	0	0	0	0	0	0	0	0	0	0	0	0	0	0	0	0	0	0	0	0	0	1	0	0	0	0	0	0	0	0	0	0	0	0	0	0	0	0	0	0	0	0	0	0	0	0	0	0	0	0	0	0	0	0	0	0	0	0	0	0	0	0	0	0	0	0	0	0	0	0	0	0	0	0	0	0	0	0	0	0	0	0	0	0	0	0	0	0	0	0	0	0	0	0	0	0	0	0	0	0	0	0	1	0	0	0	0	0	0	0	0	0	0	0	0	0	0
Azolidines	0	0	0	0	0	0	0	0	0	0	0	0	0	0	0	0	0	0	0	0	0	0	0	0	1	0	0	0	0	0	0	0	0	0	0	0	0	0	0	0	0	0	0	1	0	0	0	0	0	1	0	1	1	1	0	0	0	0	0	1	0	0	1	0	0	0	0	1	0	0	0	0	0	0	0	0	0	1	0	0	0	0	0	0	1	0	0	0	0	0	0	0	0	0	0	0	0	0	0	0	0	0	0	0	0	0	0	0	0	0	0	0	0	0	0	0	0	0	0	0	0	0	0	0	0	0	1	0	0	0	1	0	0	0	0	0	0	0	0	0	0	0	0	0	0	0	0	0	0	0	0	0	0	0	0	0	0	1	0	0	0	0	0	0	0	0	0	0	0	0	0	0	0	0	0	0	0	0	0	0	0	0	0	0	0	0	0	0	0	0	0	0	0	0	0	0	0
Furans	0	0	0	0	0	0	0	0	0	0	0	0	0	0	0	0	0	0	0	0	0	0	0	0	0	0	0	0	0	0	0	0	0	0	0	0	0	0	0	0	0	0	0	0	0	0	0	0	0	0	0	0	0	0	0	0	0	0	0	0	0	0	0	0	0	0	0	0	0	0	0	0	0	0	0	0	0	0	0	0	0	0	0	0	0	0	0	0	0	0	0	0	0	0	0	0	0	0	0	0	0	0	0	0	0	0	0	0	0	0	0	0	0	0	0	0	0	0	0	0	0	0	0	0	0	0	1	0	0	0	0	0	1	0	0	0	0	0	0	0	0	0	0	0	0	0	1	0	0	0	0	0	0	0	0	0	0	0	0	0	1	0	0	0	0	0	0	0	0	0	0	0	0	0	0	0	0	0	1	0	0	1	0	0	0	0	0	0	0	0	0	0	0	0	1	0	0
Organic thiophosphoric acids and derivatives	1	2	2	0	1	2	2	0	0	1	1	1	2	1	2	0	2	1	0	2	2	0	3	1	1	2	1	0	2	0	0	1	1	1	1	1	1	0	0	2	1	2	1	2	2	0	0	2	0	1	0	0	2	2	2	2	0	2	1	1	1	1	1	1	2	1	2	2	0	1	2	1	0	1	1	1	0	1	1	0	0	2	1	2	0	2	0	3	1	2	1	1	0	1	1	1	0	0	0	2	0	2	2	2	0	2	0	0	1	0	0	1	0	2	1	0	1	0	1	2	1	2	0	0	0	1	2	0	0	1	0	0	0	1	1	1	0	1	2	2	0	1	1	1	0	1	3	0	0	1	0	1	2	0	2	1	1	2	0	2	0	1	1	2	0	1	0	1	0	0	1	1	3	1	0	0	0	0	1	1	0	0	2	0	1	2	2	1	1	0	0	1	1	0	0	0	1
Pteridines and derivatives	0	0	0	0	0	0	0	0	0	0	0	0	0	0	0	0	0	0	0	0	0	0	0	0	0	0	0	0	0	0	0	0	0	0	0	0	0	0	0	0	0	0	0	0	0	0	0	0	0	0	0	0	0	0	0	0	0	0	0	0	0	0	0	0	0	0	0	0	0	0	0	0	0	0	0	0	0	0	0	0	0	0	0	0	0	0	0	0	0	1	1	0	0	0	0	0	0	0	0	1	0	0	0	0	0	1	1	0	1	0	0	0	0	0	0	0	0	1	0	0	0	0	0	0	0	0	0	0	1	0	0	0	0	0	1	0	0	0	0	0	0	1	0	0	0	0	0	0	0	1	0	0	0	0	0	1	0	0	0	0	0	0	0	0	1	0	0	1	0	0	0	0	0	0	0	0	0	0	0	0	1	1	0	1	1	0	0	0	0	0	0	0	0	0	0	0	1
Metalloheterocyclic compounds	0	1	0	0	0	0	0	0	0	0	0	0	0	0	0	0	0	0	0	0	0	0	0	0	1	0	0	0	0	1	0	0	0	0	0	0	0	0	0	0	0	0	0	0	1	0	0	0	0	0	0	0	0	0	0	0	1	0	1	0	0	1	0	0	0	1	0	1	1	0	0	0	0	1	0	1	0	1	1	0	1	1	0	0	0	1	0	1	1	1	1	1	1	0	1	1	1	1	0	1	1	0	0	1	1	0	1	0	1	0	0	0	1	1	0	1	0	1	1	0	1	0	0	1	1	0	1	0	1	0	0	1	1	1	1	1	0	1	1	1	1	1	0	0	1	0	1	1	1	1	0	0	1	1	1	1	1	1	0	1	1	0	0	0	1	1	1	1	1	1	0	1	1	1	1	1	1	0	0	1	0	1	1	1	1	0	1	1	0	0	0	0	0	0	1	0	0
Benzothiadiazoles	0	0	0	0	0	0	0	1	0	1	0	0	0	0	0	0	0	0	0	1	0	1	0	0	0	0	0	0	0	0	0	0	0	0	0	1	0	0	0	0	0	0	0	0	0	0	0	0	1	0	0	0	0	0	0	0	0	0	0	0	0	0	0	0	0	0	0	0	0	0	0	0	0	0	0	0	0	0	0	0	0	0	0	0	0	0	0	0	0	0	1	0	0	0	0	0	0	0	0	1	0	1	0	0	0	0	0	0	0	0	0	0	0	0	0	0	0	0	0	0	0	0	0	0	0	0	0	0	0	0	0	0	0	0	0	0	0	0	0	0	0	0	0	0	0	0	0	0	0	0	0	0	0	0	0	0	0	0	0	1	0	1	0	1	1	0	0	0	1	0	0	0	0	1	1	1	0	0	0	0	0	0	1	0	0	0	0	0	1	1	1	0	0	0	0	0	0
Tetrahydroisoquinolines	0	0	0	0	0	0	0	0	0	0	0	0	0	0	0	0	0	0	0	0	0	0	0	0	0	0	0	0	0	0	0	0	0	0	0	0	0	0	0	0	0	0	0	0	0	0	0	0	0	0	0	0	0	0	0	0	0	0	0	0	0	0	0	0	0	0	0	0	1	0	0	0	1	1	1	0	1	0	0	0	0	0	0	0	0	0	0	0	0	0	0	0	0	0	0	0	0	0	0	0	1	0	0	0	1	0	0	0	0	0	0	0	0	0	0	0	0	0	0	0	0	0	0	0	0	0	0	0	0	0	0	0	0	0	0	0	0	0	0	0	0	0	0	0	0	0	0	0	0	0	0	0	0	0	0	0	0	0	0	0	0	0	0	0	0	0	0	0	0	0	0	0	0	0	0	0	0	0	0	0	0	0	0	0	0	0	0	0	0	0	0	0	0	0	0	0	0
