"subclass"	"n_samp_obs"	"cladeA_MA"	"cladeF_MA"	"cladeG_MA"	"cladeH_MA"	"cladeI_MA"	"cladeJ_MA"	"FC_cladeF_V_cladeA"	"FC_cladeG_V_cladeA"	"FC_cladeH_V_cladeA"	"FC_cladeI_V_cladeA"	"FC_cladeJ_V_cladeA"	"FC_cladeG_V_cladeF"	"FC_cladeH_V_cladeF"	"FC_cladeI_V_cladeF"	"FC_cladeJ_V_cladeF"	"FC_cladeH_V_cladeG"	"FC_cladeI_V_cladeG"	"FC_cladeJ_V_cladeG"	"FC_cladeI_V_cladeH"	"FC_cladeJ_V_cladeH"	"FC_cladeJ_V_cladeI"	"tuk_cladeF_cladeA_diff"	"tuk_cladeF_cladeA_p"	"tuk_cladeG_cladeA_diff"	"tuk_cladeG_cladeA_p"	"tuk_cladeH_cladeA_diff"	"tuk_cladeH_cladeA_p"	"tuk_cladeI_cladeA_diff"	"tuk_cladeI_cladeA_p"	"tuk_cladeJ_cladeA_diff"	"tuk_cladeJ_cladeA_p"	"tuk_cladeG_cladeF_diff"	"tuk_cladeG_cladeF_p"	"tuk_cladeH_cladeF_diff"	"tuk_cladeH_cladeF_p"	"tuk_cladeI_cladeF_diff"	"tuk_cladeI_cladeF_p"	"tuk_cladeJ_cladeF_diff"	"tuk_cladeJ_cladeF_p"	"tuk_cladeH_cladeG_diff"	"tuk_cladeH_cladeG_p"	"tuk_cladeI_cladeG_diff"	"tuk_cladeI_cladeG_p"	"tuk_cladeJ_cladeG_diff"	"tuk_cladeJ_cladeG_p"	"tuk_cladeI_cladeH_diff"	"tuk_cladeI_cladeH_p"	"tuk_cladeJ_cladeH_diff"	"tuk_cladeJ_cladeH_p"	"tuk_cladeJ_cladeI_diff"	"tuk_cladeJ_cladeI_p"	"f_stat"	"sum_of_sq"	"p_val"	"adj_p_val"	"sample_type_DA"
"Lactams"	1	6.15112129305767e-07	0	0	0	0	0	-Inf	-Inf	-Inf	-Inf	-Inf	NA	NA	NA	NA	NA	NA	NA	NA	NA	NA	-0.000167211747084523	0.742561512899894	-0.000167211747084523	0.797091553306622	-0.000167211747084523	0.116788777875207	-0.000167211747084523	0.52456511512726	-0.000167211747084523	0.0910030677318576	1.72794721239877e-19	1	2.24505388380451e-19	1	-2.62426207658423e-19	1	2.03287907341032e-19	1	5.1710667140574e-20	1	-4.352209288983e-19	1	3.04931861011548e-20	1	-4.86931596038875e-19	1	-2.12174810394192e-20	1	4.65714114999455e-19	1	1.55896285215656	5.44263972637966e-07	0.173770076211418	0.347540152422836	"NA"
"Phenanthrenes and derivatives"	1	0	0	0	0	0	4.2677706165684e-07	NA	NA	NA	NA	Inf	NA	NA	NA	Inf	NA	NA	Inf	NA	Inf	Inf	-1.4476563098528e-19	1	-5.66742044708332e-20	1	-2.57518213472247e-21	1	-2.96923549510235e-19	1	7.04456151000839e-05	0.985416886911232	8.80914265144472e-20	1	1.42190448850558e-19	1	-1.52157918524954e-19	1	7.0445615100084e-05	0.998999416158056	5.40990223361107e-20	1	-2.40249345039402e-19	1	7.04456151000839e-05	0.999339838628627	-2.94348367375512e-19	1	7.04456151000839e-05	0.93264701849968	7.04456151000842e-05	0.996239000421691	0.239297813366183	2.3461853257627e-07	0.944659297924766	0.975260877334231	"NA"
"Cinnamic acids and derivatives"	2	3.41284014271767e-05	0.000732785714091304	9.66629227272504e-06	0.000102030669888918	0.000149413961579778	0.000128206417417495	4.42434663251497	-1.81993831797725	1.57995813865795	2.13027021776621	1.90942373301412	-6.24428495049222	-2.84438849385702	-2.29407641474877	-2.51492289950085	3.3998964566352	3.95020853574346	3.72936205099137	0.550312079108255	0.329465594356168	-0.220846484752087	-4.34296892955841e-19	1	-5.48261325859147e-20	1	4.89649944408745e-05	0.998745778805302	-3.11092100627943e-19	1	7.13739399479693e-05	0.990996380862596	3.79470760369927e-19	1	4.89649944408749e-05	0.999911779689754	1.23204792327898e-19	1	7.13739399479697e-05	0.999401366588165	4.89649944408745e-05	0.999941662881348	-2.56265968042028e-19	1	7.13739399479693e-05	0.999605977968053	-4.89649944408748e-05	0.999671627495838	2.24089455070948e-05	0.999808914949868	7.13739399479696e-05	0.997724739097733	0.11933571256199	1.48408465926353e-07	0.987978865510579	0.987978865510579	"NA"
"Triazolopyrimidines"	2	3.00920209797009e-06	0	0	0	0	9.8328070349042e-08	-Inf	-Inf	-Inf	-Inf	-4.93563386024632	NA	NA	NA	Inf	NA	NA	Inf	NA	Inf	Inf	-0.000369844470126423	0.789560045705169	-0.000369844470126423	0.836257630175414	-0.000369844470126423	0.164677965779466	-0.000369844470126424	0.592726076147224	-0.00033603096870999	0.215356218260556	6.7762635780344e-20	1	2.77715720411246e-19	1	-4.63866043114537e-19	1	3.38135014164329e-05	0.999994990348281	2.09953084630902e-19	1	-5.31628678894881e-19	1	3.38135014164329e-05	0.999996731361739	-7.41581763525783e-19	1	3.38135014164326e-05	0.999513590531887	3.38135014164334e-05	0.999980165500386	1.27669934407999	2.46894841362749e-06	0.275740136350125	0.46123804625839	"NA"
"Lignan glycosides"	6	2.58219096386174e-06	0	0	6.91256814700379e-07	0	3.93538553027883e-07	-Inf	-Inf	-1.90130199472067	-Inf	-2.71401881647048	NA	Inf	NA	Inf	Inf	NA	Inf	-Inf	-0.812716821749815	Inf	-0.000342599677723972	0.947466675948701	-0.000342599677723971	0.961333061163406	-0.000202613367433676	0.923949067729614	-0.000342599677723971	0.874498919054482	-0.000231245434915971	0.853437437790789	5.42101086242752e-19	1	0.000139986310290295	0.998767259939412	8.3532849198315e-19	1	0.000111354242808	0.99956756967978	0.000139986310290295	0.999177593407127	2.93227405740398e-19	1	0.000111354242808	0.999715734170032	-0.000139986310290294	0.9955924300403	-2.86320674822949e-05	0.999948699632247	0.000111354242807999	0.998346700701248	0.404358028146205	1.39860744423397e-06	0.845388172265838	0.947135468426744	"NA"
"Isoflavonoids"	4	7.84059242001448e-07	0	1.990365354321e-06	2.56540578255416e-06	8.50293594161928e-07	4.40025277686086e-06	-Inf	1.34399870742843	1.71015247106425	0.116998403432485	2.48855183234872	Inf	Inf	Inf	Inf	0.366153763635827	-1.22700030399594	1.14455312492029	-1.59315406763177	0.778399361284462	2.37155342891623	-7.0226731626902e-19	1	2.59962111811865e-19	1	0.000177360392481812	0.892965862930044	-7.76190191665759e-20	1	7.69838278017255e-05	0.996705154745294	9.62229428080885e-19	1	0.000177360392481812	0.98933605092297	6.24648297102444e-19	1	7.69838278017262e-05	0.999791026135272	0.000177360392481811	0.992745141036297	-3.37581130978441e-19	1	7.69838278017253e-05	0.999862941594661	-0.000177360392481812	0.965083698143515	-0.000100376564680086	0.946320401746721	7.69838278017256e-05	0.99919245833621	0.375938659583203	8.36186151277921e-07	0.864775862476592	0.947135468426744	"NA"
"Lignan lactones"	6	0	0	0	8.37205751518535e-07	2.21505823752954e-06	9.05686194622386e-08	NA	NA	Inf	Inf	Inf	NA	Inf	Inf	Inf	Inf	Inf	Inf	1.40369050219906	-3.20849905094843	-4.61218955314749	-2.77210782737771e-18	1	-1.97127667724637e-19	1	0.000193099728927794	0.832731401010808	0.000630955239258788	0.0890436726867671	3.24519062052644e-05	0.999941399479272	2.57498015965307e-18	1	0.000193099728927796	0.981521669247386	0.00063095523925879	0.385122310079103	3.24519062052671e-05	0.999996542092107	0.000193099728927794	0.987318176002669	0.000630955239258788	0.455856064689227	3.24519062052646e-05	0.999997744288919	0.000437855510330994	0.302905407555766	-0.000160647822722529	0.669445571978988	-0.000598503333053523	0.0464266761121294	2.09079294817244	4.32174494148205e-06	0.068425348424824	0.20819925849461	"cladeI"
"Furans"	7	0	6.15886354961033e-06	0	7.51530965853635e-07	0	8.84510926534045e-07	Inf	NA	Inf	NA	Inf	-Inf	-3.03475971058606	-Inf	-2.79971229540477	Inf	NA	Inf	-Inf	0.235047415181288	Inf	0.00101315837971382	0.142372419674848	-1.40330258461476e-18	1	0.000137239231359968	0.989720599947698	-2.69941699990425e-18	1	0.000197383213131392	0.940183220032964	-0.00101315837971382	0.42435796727291	-0.000875919148353853	0.204535580497153	-0.00101315837971382	0.228962878527899	-0.00081577516658243	0.262455027694508	0.00013723923135997	0.999477403134856	-1.29611441528949e-18	1	0.000197383213131393	0.99682401461907	-0.000137239231359971	0.997163841388228	6.01439817714239e-05	0.998640893745774	0.000197383213131395	0.983030061214422	1.37006203376525	5.48793999490699e-06	0.237465002091383	0.419778962721974	"NA"
"Flavonoids"	5	0.000961906147074388	0.000418347963474451	0.000635999389095798	0.000468908128336795	0.00191969769438409	0.000990237626803079	-1.20119272545396	-0.596870757751604	-1.03659084966959	0.996911096908219	0.0418786320164329	0.604321967702353	0.16460187578437	2.19810382236218	1.24307135747039	-0.439720091917983	1.59378185465982	0.638749389768037	2.03350194657781	1.07846948168602	-0.955032464891786	-1.1402603529947e-18	1	2.01439835456114e-19	1	6.31638964648804e-05	0.99962022380088	-1.45997678908559e-19	1	0.000221994254014862	0.868532932686014	1.34170018845081e-18	1	6.31638964648815e-05	0.999973883095708	9.94262674086139e-19	1	0.000221994254014863	0.987886214026439	6.31638964648802e-05	0.999982760592211	-3.47437514364673e-19	1	0.000221994254014862	0.991821547539636	-6.31638964648805e-05	0.999901991159047	0.000158830357549982	0.858053906605119	0.000221994254014862	0.959039157469783	0.509951488671255	1.72529095426877e-06	0.768524476075426	0.906464766653066	"NA"
"Isoindoles and derivatives"	6	0	0	0	9.21167906022063e-07	2.60369484164674e-07	3.6766731328257e-06	NA	NA	Inf	Inf	Inf	NA	Inf	Inf	Inf	Inf	Inf	Inf	-1.82290377614064	1.99686486950381	3.81976864564445	-1.74827600313288e-18	1	1.76182853028894e-19	1	0.000292781591680505	0.786480205350709	0.000217577564564286	0.987008657484119	9.46439137363295e-05	0.99797053265777	1.92445885616177e-18	1	0.000292781591680507	0.974675429605925	0.000217577564564288	0.997041756695684	9.46439137363313e-05	0.999873363865099	0.000292781591680505	0.982512560213886	0.000217577564564286	0.997786232817086	9.46439137363294e-05	0.999917045560444	-7.52040271162194e-05	0.999857478089684	-0.000198137677944176	0.782627398643251	-0.000122933650827957	0.998253561959555	0.558072341722257	2.29949763422326e-06	0.732033156018273	0.886145399390541	"NA"
"Anthracenes"	2	1.26864203075737e-05	3.42850105386962e-06	2.93641001793815e-06	1.73565675596183e-05	6.66074354989722e-07	1.40443412863499e-05	-1.88763517451833	-2.11115971098687	0.452196622857209	-4.25145799833541	0.146703914859008	-0.223524536468536	2.33983179737554	-2.36382282381708	2.03433908937734	2.56335633384408	-2.14029828734854	2.25786362584588	-4.70365462119262	-0.305492707998201	4.39816191319442	-1.37126933860951e-18	1	-1.85916031622798e-18	1	0.000287088410519493	0.859616247432073	-7.3799670604411e-19	1	-9.91798578239581e-19	1	-4.87890977618477e-19	1	0.000287088410519494	0.985160794571174	6.33272632565397e-19	1	3.79470760369927e-19	1	0.000287088410519495	0.989854017618091	1.12116361018387e-18	1	8.67361737988404e-19	1	-0.000287088410519494	0.952482766595816	-0.000287088410519494	0.52796552060283	-2.5380187219547e-19	1	0.679154022378139	3.42193016102123e-06	0.63976764642486	0.846264299041317	"NA"
"Azoles"	10	0.00359752275246452	0.00604443572551744	0.003463891179425	0.00478734143826876	0.00597080135514184	0.00536680733212815	0.748603852583617	-0.05461020379363	0.41222089297565	0.730920760651029	0.577060285134236	-0.803214056377247	-0.336382959607968	-0.0176830919325887	-0.171543567449382	0.46683109676928	0.785530964444659	0.631670488927866	0.318699867675379	0.164839392158586	-0.153860475516793	2.44315103186222e-17	1	1.8088927609582e-17	1	8.84449434813642e-05	0.999794519183566	0.00122079104352203	0.120152943604212	0.000339338222416402	0.885706785993948	-6.3425827090402e-18	1	8.84449434813397e-05	0.99998598058154	0.00122079104352201	0.441189415711256	0.000339338222416377	0.989793968909763	8.84449434813461e-05	0.999990751754381	0.00122079104352201	0.511345630288852	0.000339338222416384	0.99312679150231	0.00113234610004067	0.0911619908441348	0.000250893278935038	0.860460816304858	-0.000881452821105628	0.287445941364635	1.72588902278823	1.47074376938095e-05	0.130647151778681	0.307135290449795	"NA"
"Sulfinyl compounds"	18	0	2.18182640138038e-06	0	1.56065033280754e-06	4.03655900856796e-06	1.48393541844873e-06	Inf	NA	Inf	Inf	Inf	-Inf	-0.483388982661949	0.887589664799896	-0.556108010563852	Inf	Inf	Inf	1.37097864746185	-0.0727190279019024	-1.44369767536375	0.000603025140739	0.87128283629771	-1.20987106065996e-18	1	0.000412330043771438	0.713518494394187	0.000838916851176663	0.376094453344209	0.000316064149637193	0.86629253573988	-0.000603025140739001	0.956637255576101	-0.000190695096967562	0.998925920386894	0.000235891710437663	0.998684799318846	-0.000286960991101807	0.992056567374055	0.000412330043771439	0.973702814113337	0.000838916851176665	0.765629827851937	0.000316064149637194	0.9916463521308	0.000426586807405225	0.87382806430477	-9.62658941342446e-05	0.996362960932611	-0.00052285270153947	0.726647031716444	0.977504573652594	6.6424916259674e-06	0.432829941943439	0.652792699324531	"NA"
"Benzene and substituted derivatives"	10	0.00385961223306157	0.00216141716225967	0.00358372770635972	0.003580839217561	0.00291513345232808	0.00371837580012793	-0.836478365253679	-0.106994885525052	-0.108158168312582	-0.404893980018185	-0.0537833257451451	0.729483479728628	0.728320196941097	0.431584385235494	0.782695039508534	-0.00116328278753031	-0.297899094493134	0.0532115597799064	-0.296735811705603	0.0543748425674368	0.35111065427304	0.00396044611054493	2.34978703161914e-11	-7.76190191665759e-19	1	0.000258578996581713	0.941697960344882	-1.1455581590648e-17	1	9.3534786296739e-05	0.999343960024826	-0.00396044611054493	4.89079613141818e-07	-0.00370186711396321	1.78708159381813e-11	-0.00396044611054494	1.3117049668665e-09	-0.00386691132424819	1.37290179225147e-12	0.000258578996581714	0.996463557915487	-1.06793913989822e-17	1	9.35347862967398e-05	0.99997395577033	-0.000258578996581724	0.982164934830831	-0.000165044210284974	0.953222537840794	9.35347862967504e-05	0.999843687739176	13.5554484527691	8.70891974802954e-05	2.85647554120323e-11	8.75985832635658e-10	"cladeAcladeGcladeHcladeJ"
"Organic sulfonic acids and derivatives"	17	0.00184477903522436	0.00141548020631852	0.0018807278807959	0.00167018426170787	0.00098233437483385	0.00144541550105042	-0.382156447717824	0.0278431001003461	-0.143440747230286	-0.909161933526044	-0.351963751487821	0.40999954781817	0.238715700487538	-0.527005485808219	0.0301926962300029	-0.171283847330633	-0.93700503362639	-0.379806851588168	-0.765721186295757	-0.208523004257535	0.557198182038222	-0.00108556720451629	0.691920152062893	-0.00108556720451628	0.753949982851517	-0.000511192683911332	0.800604714161732	-0.000623349299443532	0.902524826270332	-0.000944570713146736	0.146800411950596	1.57209315010398e-18	1	0.000574374520604954	0.961639791398534	0.000462217905072754	0.993240884319766	0.00014099649136955	0.99994774256199	0.000574374520604952	0.973254343675022	0.000462217905072752	0.994911966725519	0.000140996491369548	0.999965824174213	-0.0001121566155322	0.999940842370706	-0.000433378029235404	0.599333127761171	-0.000321221413703204	0.989445242200246	1.51068170292697	1.97661682315002e-05	0.188424973825639	0.3545967882806	"NA"
"Phenols"	17	4.97322949762713e-05	1.60192894112559e-05	0.000158394533481451	3.37841401720277e-05	0.000331325523585827	7.61743517249313e-05	-1.63437285450668	1.67126763266811	-0.557836870070694	2.735994432123	0.615122308889431	3.30564048717479	1.07653598443599	4.37036728662968	2.24949516339611	-2.22910450273881	1.06472679945489	-1.05614532377868	3.29383130219369	1.17295917896013	-2.12087212323357	-0.00156988564182333	0.208638726343958	-0.0015698856418233	0.283054937080053	-0.00145489828892588	0.00178798844717543	-0.000486088004281154	0.951005224426469	-0.00129281442615353	0.00511970901995806	3.45860493022876e-17	1	0.000114987352897451	0.999973815430266	0.00108379763754218	0.710703959112628	0.000277071215669803	0.997924614047354	0.000114987352897417	0.999982715876381	0.00108379763754215	0.760848272628743	0.000277071215669768	0.998624659059027	0.000968810284644729	0.360067033203462	0.000162083862772352	0.987199908524607	-0.000806726421872377	0.544594244854572	3.86261553493385	4.32637809404918e-05	0.0023632852744048	0.0181185204371034	"cladeAcladeJ"
"Oxacyclic compounds"	12	2.72846505884859e-06	0	2.39829440859062e-06	1.8012080589325e-06	0	3.37317772046131e-06	-Inf	-0.186080797211341	-0.599124730763041	-Inf	0.306018762261226	Inf	Inf	NA	Inf	-0.4130439335517	-Inf	0.492099559472567	-Inf	0.905143493024267	Inf	-0.000352169874670182	0.996380972696825	0.000340405607860356	0.997823609290245	4.38366674133692e-05	0.999997317299282	-0.000352169874670181	0.989868311842662	1.92468006114942e-05	0.999999946202403	0.000692575482530538	0.977051256163763	0.000396006542083551	0.991169643626392	5.86454811480796e-19	1	0.000371416675281676	0.993022108181267	-0.000296568940446987	0.998479948781532	-0.000692575482530537	0.962099395814158	-0.000321158807248862	0.997651456872826	-0.00039600654208355	0.970757744460721	-2.4589866801875e-05	0.999998919231198	0.000371416675281676	0.975591478336699	0.23563921883593	2.83684975858891e-06	0.946408033929194	0.975260877334231	"NA"
"Triazines"	11	7.32211302850807e-05	0.000318814908078641	6.76937697519248e-05	9.53145913524254e-05	0.000152864551212439	9.91870027469371e-05	2.12238714342521	-0.113236983751976	0.380437043685257	1.06192194001151	0.437891041203151	-2.23562412717719	-1.74195009973995	-1.0604652034137	-1.68449610222206	0.493674027437233	1.17515892376349	0.551128024955127	0.681484896326257	0.0574539975178943	-0.624030898808363	-4.7951305174018e-18	1	-1.65094421719384e-18	1	0.000372771561761817	0.969895267641354	-1.19262238973405e-18	1	0.0004823801641403	0.897779029841283	3.14418630020796e-18	1	0.000372771561761822	0.997498593691161	3.60250812766774e-18	1	0.000482380164140305	0.991080826706958	0.000372771561761818	0.998323616806934	4.58321827459781e-19	1	0.000482380164140301	0.994004460486242	-0.000372771561761818	0.991238545008311	0.000109608602378483	0.999368920086294	0.000482380164140301	0.969237389264758	0.377445518507375	6.89262818184813e-06	0.863766404852137	0.947135468426744	"NA"
"Quinolines and derivatives"	32	6.56276106824295e-05	0.000188561864536978	3.19822573861815e-05	3.45833648097218e-05	5.5535999738554e-05	4.52213075199634e-05	1.52266311474246	-1.03703113820268	-0.9242246658604	-0.240879646082359	-0.537300203077529	-2.55969425294514	-2.44688778060286	-1.76354276082482	-2.05996331781999	0.112806472342277	0.796151492120318	0.499730935125148	0.683345019778041	0.386924462782871	-0.29642055699517	0.00129190269640549	0.681540877036277	-0.00123622424315776	0.778790951841474	-0.000592392357464032	0.810745101271486	7.6399602860701e-06	0.999999999978353	-0.000710505404197699	0.624415641798215	-0.00252812693956325	0.245890136277788	-0.00188429505386952	0.193885037589532	-0.00128426273611942	0.768402174408705	-0.00200240810060319	0.132041223929272	0.000643831885693725	0.978396855311497	0.00124386420344383	0.830837702789656	0.000525718838960057	0.990903962335796	0.000600032317750102	0.929177751484108	-0.000118113046733668	0.999075352953009	-0.000718145364483769	0.846786292224625	1.91198024888886	3.46418604368803e-05	0.0942700021701891	0.255083535284041	"NA"
"Organic phosphonic acids and derivatives"	5	6.48389456451215e-06	9.4143684890974e-05	3.20430594588721e-05	2.7846236461881e-05	4.47103084406258e-05	6.36349380188491e-05	3.85993178655885	2.30507936598594	2.10254981802779	2.78567496225906	3.29488654158272	-1.55485242057291	-1.75738196853106	-1.07425682429979	-0.565045244976126	-0.202529547958157	0.480595596273115	0.989807175596779	0.683125144231272	1.19233672355494	0.509211579323664	-2.13883519481231e-18	1	7.88510670898549e-19	1	0.000134722670498378	0.999791046542223	-2.16347615327789e-18	1	0.000462140703170567	0.925035532934458	2.92734586571086e-18	1	0.000134722670498381	0.999985740938506	-2.46409584655796e-20	1	0.000462140703170569	0.993820282400785	0.000134722670498378	0.999990593526796	-2.95198682417644e-18	1	0.000462140703170566	0.995864523761418	-0.000134722670498381	0.999946340619348	0.000327418032672189	0.921637430863977	0.000462140703170569	0.978243862583065	0.378383026768773	7.43070121135942e-06	0.863137258141708	0.947135468426744	"NA"
"Isocoumarins and derivatives"	2	0	0	1.89490296575943e-06	0	0	5.86979506582581e-06	NA	Inf	NA	NA	Inf	Inf	NA	NA	Inf	-Inf	-Inf	1.63118616218385	NA	Inf	Inf	-1.27393755267047e-18	1	0.000615614968989288	0.975101659665162	-1.91068415642937e-19	1	-3.9918352714239e-19	1	0.000261275561280398	0.985904822349296	0.000615614968989289	0.989885951911023	1.08286913702753e-18	1	8.74754025528077e-19	1	0.000261275561280399	0.999035268294916	-0.000615614968989288	0.967258716697648	-0.000615614968989288	0.982913292752324	-0.00035433940770889	0.997238489640865	-2.08115111499453e-19	1	0.000261275561280398	0.934670779693161	0.000261275561280398	0.996370611022063	0.317597181314925	4.34847359461901e-06	0.901976304326023	0.9742123412449	"NA"
"Benzodioxoles"	28	5.04325671036574e-06	1.72060189479405e-05	0	6.3001485776092e-06	4.14819649591704e-05	5.77704345738443e-06	1.77048576371941	-Inf	0.321030189565105	3.04005666687576	0.195975684484376	-Inf	-1.44945557415431	1.26957090315634	-1.57451007923504	Inf	Inf	Inf	2.71902647731065	-0.125054505080729	-2.84408098239138	0.00127802778201126	0.910469032691546	-0.00111716160529961	0.961692900346352	-0.000437624130691001	0.987157520447773	0.001214369302495	0.831632599558434	-0.000478163996158573	0.977158059445106	-0.00239518938731088	0.693041147730643	-0.00171565191270227	0.680456416276677	-6.36584795162634e-05	0.999999970138187	-0.00175619177816984	0.645280927136116	0.000679537474608613	0.994557319310612	0.00233153090779461	0.605944628600941	0.000638997609141041	0.995703317492511	0.001651993433186	0.433075176305117	-4.0539865467572e-05	0.99999920136689	-0.00169253329865357	0.378527211657849	1.33309689730519	4.92445631312659e-05	0.252046128727829	0.429411923017783	"NA"
"Piperidines"	35	3.09080879228117e-07	0	1.00067917303518e-05	5.04080949243267e-06	1.93412266561339e-05	4.78911576306767e-06	-Inf	5.01685128971495	4.02759911937868	5.96755107882172	3.95370299683661	Inf	Inf	Inf	Inf	-0.989252170336268	0.95069978910677	-1.06314829287835	1.93995195944304	-0.0738961225420774	-2.01384808198512	-0.000118529163996824	0.999995959572905	0.00221414411056178	0.270755759172917	0.000808542609994007	0.627197423753876	0.00211476041048084	0.0715491732595813	0.000632631844937453	0.801558173186577	0.0023326732745586	0.438982749856493	0.000927071773990832	0.90438001138258	0.00223328957447767	0.287375713962576	0.000751161008934278	0.95701330968408	-0.00140560150056777	0.697597788901177	-9.93837000809374e-05	0.999999236552642	-0.00158151226562433	0.568288466376576	0.00130621780048683	0.398817526585038	-0.000175910765056554	0.995990878174434	-0.00148212856554339	0.234511605817774	2.26507267298458	4.93193723756286e-05	0.0498043839265525	0.176230896970878	"NA"
"Sulfoxides"	31	2.97709503829107e-06	0	7.51027206822051e-07	1.61563875064015e-06	7.6819425780916e-06	1.15191790578126e-05	-Inf	-1.98696820061888	-0.881800623497852	1.36756590217839	1.95206072047536	Inf	Inf	Inf	Inf	1.10516757712102	3.35453410279727	3.93902892109423	2.24936652567624	2.83386134397321	0.584494818296968	-0.000711757639516866	0.987385971446439	-0.000324193929426841	0.999792170943129	-0.000414488657149278	0.98227112312728	0.000123932546990049	0.999992390524942	0.000633051641469777	0.878577806325064	0.000387563710090026	0.999813601722808	0.000297268982367589	0.999721044631933	0.000835690186506915	0.983205905863624	0.00134480928098664	0.768606941619454	-9.02947277224371e-05	0.999999503857193	0.000448126476416889	0.99933166199977	0.000957245570896618	0.953564547832628	0.000538421204139326	0.983339797905749	0.00104754029861905	0.0996740341135656	0.000509119094479729	0.985654230184851	1.58453370322355	4.55025762917642e-05	0.166427094146894	0.34541978457703	"NA"
"Quinolizines"	22	2.13934663063625e-06	4.04416849208026e-05	0	5.6444458481145e-06	2.78424691664631e-05	1.31201995127264e-06	4.24060094421587	-Inf	1.39966169308607	3.70204499880533	-0.705380597617937	-Inf	-2.84093925112981	-0.538555945410541	-4.94598154183381	Inf	Inf	Inf	2.30238330571926	-2.105042290704	-4.40742559642327	0.00263082694040111	0.111070514028133	-0.00042966832903527	0.998823814270823	0.000367911553470152	0.985546514334341	0.00116136655550796	0.719309702664179	-9.86493027084921e-05	0.999969251659634	-0.00306049526943638	0.211606201892977	-0.00226291538693096	0.170226388327343	-0.00146946038489315	0.784435489672862	-0.0027294762431096	0.0468475403345509	0.000797579882505422	0.972185188341778	0.00159103488454323	0.770804842221301	0.000331019026326778	0.999525025015914	0.000793455002037813	0.885658335784074	-0.000466560856178644	0.810406198079451	-0.00126001585821646	0.489272317065676	2.33448223174649	5.78480600972107e-05	0.0438304611411311	0.161296096999362	"cladeF"
"Oxazinanes"	29	4.8817283895473e-06	1.97906120121699e-06	7.84978224810644e-06	3.33922153952356e-06	0	6.38406764274182e-06	-1.30257580092682	0.685260605960284	-0.547880216743769	-Inf	0.387083909361815	1.9878364068871	0.754695584183052	-Inf	1.68965971028864	-1.23314082270405	-Inf	-0.298176696598469	-Inf	0.934964126105584	Inf	-0.000550089950403591	0.99206710861194	0.000128576077534189	0.999995390276285	-0.000527085520246973	0.905860932252334	-0.00112441114895499	0.673811779214278	-0.000191681621910589	0.998795875231144	0.00067866602793778	0.994096243499162	2.30044301566184e-05	0.999999998225096	-0.000574321198551396	0.993825085351226	0.000358408328493003	0.998420220297377	-0.000655661597781162	0.983134124904586	-0.00125298722648918	0.866821758597087	-0.000320257699444777	0.99939483414848	-0.000597325628708015	0.948579797151274	0.000335403898336385	0.924530271853087	0.000932729527044399	0.714078781003594	0.699615217503244	1.46925340322853e-05	0.624389304126458	0.844761999700502	"NA"
"Tetrahydroisoquinolines"	7	1.29622233852098e-05	0	0	1.10650663169936e-05	0	3.61601959717708e-06	-Inf	-Inf	-0.228301104385442	-Inf	-1.84183880051377	NA	Inf	NA	Inf	Inf	NA	Inf	-Inf	-1.61353769612832	Inf	-0.000767624899925914	0.986778768977306	-0.000767624899925915	0.99052339863034	8.29559077107922e-05	0.99999466464489	-0.000767624899925918	0.96492549016986	-0.000562561254299337	0.94084977397938	-1.30104260698261e-18	1	0.000850580807636706	0.971068053661405	-3.57786716920216e-18	1	0.000205063645626578	0.999965475255992	0.000850580807636708	0.979963865848739	-2.27682456221956e-18	1	0.000205063645626579	0.999977434413374	-0.00085058080763671	0.912440459464576	-0.000645517162010129	0.659885555913052	0.000205063645626581	0.999864418439088	0.660867123238313	2.16212136439346e-05	0.653595850713433	0.846912933318814	"NA"
"Pyrimidine nucleosides"	8	9.56085811268548e-05	4.1027540019587e-07	2.46744530469557e-05	4.0853140380423e-05	6.02217067803466e-06	3.99159732928911e-05	-7.86440364563023	-1.9541220046306	-1.22669312718609	-3.9887846077105	-1.26017392024243	5.91028164099963	6.63771051844414	3.87561903791972	6.6042297253878	0.727428877444508	-2.03466260307991	0.693948084388165	-2.76209148052441	-0.0334807930563438	2.72861068746807	-4.04604538004818e-18	1	0.00183110763003463	0.765413867751657	0.000104019940255337	0.999988917585329	0.000758987886321666	0.976348017518477	0.000561865657601165	0.957711745015916	0.00183110763003463	0.88412147628871	0.000104019940255341	0.999999258344432	0.00075898788632167	0.994434734837814	0.000561865657601169	0.996789025054753	-0.00172708768977929	0.761958139539229	-0.00107211974371296	0.979595409431445	-0.00126924197243346	0.918666667326094	0.000654967946066328	0.979057324345372	0.000457845717345828	0.921425865280443	-0.000197122228720501	0.999924617753779	0.616497030079115	2.36413616475101e-05	0.68738203664243	0.878321491265327	"NA"
"Aryl halides"	64	0.00145236832761972	0.00191157829810255	0.00320374523887395	0.0021030752799835	0.00292387133845361	0.00264003715989618	0.396356919899834	1.14135205534845	0.534093118377235	1.00947245441252	0.86215086224696	0.744995135448616	0.137736198477401	0.613115534512683	0.465793942347127	-0.607258936971215	-0.131879600935933	-0.27920119310149	0.475379336035282	0.328057743869725	-0.147321592165556	0.000310192172949461	0.999917941741727	-0.00127955324343975	0.953812651479635	-0.00161320366599855	0.253088519518551	-0.00050350704635249	0.997448211204596	-0.00124099195700014	0.504636255580777	-0.00158974541638921	0.950537791152549	-0.00192339583894801	0.658696003357274	-0.00081369921930195	0.994515545287396	-0.0015511841299496	0.81990084835507	-0.000333650422558795	0.999888034510793	0.000776046197087263	0.996705322083953	3.85612864396119e-05	0.999999997478244	0.00110969661964606	0.865130955611541	0.000372211708998407	0.975724269403583	-0.000737484910647651	0.971692750402547	1.35880076206965	6.02660255419932e-05	0.241829185046355	0.419778962721974	"NA"
"Organic phosphoric acids and derivatives"	18	8.30040686279086e-05	0.000144131729962653	5.07000239974001e-05	4.96846310964488e-05	7.64676278243573e-06	6.26067955514383e-05	0.796134013215392	-0.711195624992337	-0.740382401881459	-3.44026103041821	-0.406862794466747	-1.50732963820773	-1.53651641509685	-4.2363950436336	-1.20299680768214	-0.0291867768891211	-2.72906540542587	0.304332830525591	-2.69987862853675	0.333519607414712	3.03339823595146	0.000365607386836841	0.999874285943366	0.000637232768115032	0.998672416026704	0.000106757276176285	0.999994042453077	-0.000811375152686997	0.983712664248494	-0.00072471029918335	0.934990384332928	0.000271625381278191	0.999992584118579	-0.000258850110660556	0.999967204333919	-0.00117698253952384	0.979278544998568	-0.00109031768602019	0.966862788933387	-0.000530475491938747	0.999258551575257	-0.00144860792080203	0.960791301293333	-0.00136194306729838	0.941115475306048	-0.000918132428863282	0.953061925276047	-0.000831467575359636	0.637170389595233	8.66648535036468e-05	0.99999940288398	0.723242271806332	3.74897167413604e-05	0.606779137085346	0.835315021837912	"NA"
"Pteridines and derivatives"	19	1.79297193441624e-07	0	0	6.28860913522427e-06	0	1.17931310303642e-05	-Inf	-Inf	5.13231615768557	-Inf	6.03945008314175	NA	Inf	NA	Inf	Inf	NA	Inf	-Inf	0.907133925456183	Inf	-9.02767032241198e-05	0.999999687786534	-9.02767032241178e-05	0.999999783145977	0.000667985025834134	0.913633872500023	-9.0276703224119e-05	0.999999059376824	0.000760831243637117	0.836765516661712	1.95156391047391e-18	1	0.000758261729058253	0.985259315947158	8.18079821057244e-19	1	0.000851107946861237	0.973886850508603	0.000758261729058251	0.989922472988991	-1.13348408941666e-18	1	0.000851107946861235	0.982121123131748	-0.000758261729058252	0.952775494602361	9.28462178029835e-05	0.999944577228589	0.000851107946861236	0.917128435688355	0.577032085139662	2.03419761399156e-05	0.717555304901098	0.880201174012014	"NA"
"Steroids and steroid derivatives"	17	0.000760731514156081	0.000205222745332073	0.00044453415656249	0.000720477616075868	0.000479265523490599	0.000605529133021381	-1.89019673436796	-0.775093096226372	-0.0784337623517944	-0.666562209762827	-0.329190999481547	1.11510363814158	1.81176297201616	1.22363452460513	1.56100573488641	0.696659333874577	0.108530886463545	0.445902096744825	-0.588128447411032	-0.250757237129752	0.33737121028128	-0.00410986952696764	0.282856459924683	-0.00479747363080906	0.200209801982375	-0.00368970373064586	0.00707265373226296	-0.00479747363080907	0.0281554858377355	-0.00464426196770935	0.00010716142592504	-0.000687604103841417	0.999805256086109	0.000420165796321781	0.999904811884153	-0.000687604103841427	0.999537286541903	-0.00053439244074171	0.999668428553745	0.0011077699001632	0.993123245028873	-1.00535110539565e-17	1	0.000153211663099707	0.999999561094847	-0.00110776990016321	0.96677084420293	-0.000954558237063491	0.754734052776752	0.000153211663099717	0.999997324184642	4.46213077725251	0.000396216336050292	0.000731851593964929	0.00673303466447734	"cladeA"
"Metalloheterocyclic compounds"	83	7.93487199277351e-06	7.37120945627467e-06	1.7978637125751e-06	7.79054977262603e-06	4.31259547602913e-06	1.00039738421327e-05	-0.106305595511017	-2.1419232881456	-0.0264818076814619	-0.879650552568939	0.334294335888801	-2.03561769263458	0.0798237878295546	-0.773344957057922	0.440599931399818	2.11544148046414	1.26227273557666	2.4762176240344	-0.853168744887477	0.360776143570263	1.21394488845774	-3.58159032085642e-05	0.999999994906009	-0.000301651356941764	0.999855423732736	0.000679640033946486	0.864695279206088	6.66551233582068e-05	0.999999657689794	0.000679331450535691	0.843826010052496	-0.0002658354537332	0.999971324670701	0.00071545593715505	0.982141151434099	0.000102471026566771	0.99999940105106	0.000715147353744256	0.981095445490837	0.00098129139088825	0.951175060800123	0.000368306480299971	0.999745864663353	0.000980982807477456	0.948925730504948	-0.000612984910588279	0.970685079549682	-3.0858341079458e-07	1	0.000612676327177485	0.96772940292172	0.596105955150958	1.71755359854566e-05	0.702970443409439	0.880201174012014	"NA"
"Indoles and derivatives"	56	2.22011937713113e-07	0.000125318027221067	2.28425900774061e-06	0.000103288489591086	6.34446035795507e-06	1.99466480544629e-05	9.14074099527139	3.36301708605608	8.86182652150431	4.83678829934285	6.48936526487585	-5.77772390921532	-0.278914473767086	-4.30395269592855	-2.65137573039555	5.49880943544823	1.47377121328677	3.12634817881977	-4.02503822216146	-2.37246125662846	1.652576965533	0.00833819217506667	1.52453250020779e-05	0.000980108318725568	0.99382272172245	0.00251016327043819	0.0591164228637001	0.00105388643654119	0.967800469195886	0.000735514639183356	0.955540374994806	-0.00735808385634111	0.0108250022536188	-0.00582802890462849	0.0026421151848397	-0.00728430573852549	0.00123908550893737	-0.00760267753588332	1.72961579041342e-05	0.00153005495171262	0.941471528695451	7.37781178156173e-05	0.999999988414807	-0.000244593679542212	0.999989840775346	-0.001456276833897	0.816086362289198	-0.00177464863125483	0.0401485886807746	-0.000318371797357829	0.999774854633423	6.95089807327373	0.000446045757710125	5.67014021608646e-06	0.000104330579975991	"cladeFcladeH"
"Borinic acid derivatives"	57	1.02351034281082e-06	2.9843841650027e-06	0.000351177869763034	8.2908514063707e-06	1.62352923981683e-05	9.40158105842746e-06	1.54390757733418	8.42253244174288	3.01799458175575	3.98753578152711	3.19937771317528	6.8786248644087	1.47408700442156	2.44362820419293	1.6554701358411	-5.40453785998714	-4.43499666021577	-5.2231547285676	0.969541199771365	0.181383131419536	-0.788158068351829	0.000696304917409272	0.998339023856586	0.00946682079788229	5.08621956318844e-06	0.001306955166611	0.693344858663228	0.00199716070056052	0.666542802373974	0.0011281567896652	0.780833408830656	0.00877051588047302	0.00122457952493971	0.000610650249201733	0.998741173659099	0.00130085578315125	0.980613441958367	0.000431851872255928	0.99975170922251	-0.00815986563127129	3.7179555706035e-05	-0.00746966009732177	0.00235648273904765	-0.00833866400821709	1.79504317353585e-05	0.000690205533949517	0.992036351643646	-0.000178798376945805	0.999692788594827	-0.000869003910895323	0.975051096462899	5.83489322088459	0.000380720967767822	4.97073626417177e-05	0.000762179560506337	"cladeG"
"Sulfonyls"	55	0.00084210782987269	0.000729931731405458	0.000902891427168727	0.000878727384038209	0.000812317148521046	0.00132236202081364	-0.206243439903383	0.100547535104441	0.0614106750322723	-0.0519618778408022	0.651040311254383	0.306790975007824	0.267654114935656	0.154281562062581	0.857283751157766	-0.0391368600721686	-0.152509412945243	0.550492776149942	-0.113372552873075	0.589629636222111	0.703002189095185	0.000851810726204037	0.997320344265705	0.00305042493268035	0.639030366524792	0.00146046985833176	0.684627142684694	-0.00028447835609892	0.999962871283788	-3.35668745809359e-05	0.999999992354846	0.00219861420647631	0.944068774418329	0.000608659132127723	0.999242169995525	-0.00113628908230296	0.99341074283789	-0.000885377600784973	0.995149549222272	-0.00158995507434859	0.956521476891988	-0.00333490328877927	0.634801466369526	-0.00308399180726128	0.549021242623386	-0.00174494821443068	0.766766563949442	-0.0014940367329127	0.228203517903426	0.000250911481517984	0.999959608092916	1.57561765896216	0.0001259620157375	0.168955329412678	0.34541978457703	"NA"
"5'-deoxyribonucleosides"	15	0	5.84228294919851e-05	0	3.22714306209452e-05	0	2.11622236888965e-06	Inf	NA	Inf	NA	Inf	-Inf	-0.856274696231582	-Inf	-4.78696909505246	Inf	NA	Inf	-Inf	-3.93069439882088	Inf	0.00312062112467245	0.379772608889153	-2.93720224909709e-18	1	0.00173920658487329	0.343481621917671	-7.05717050454201e-18	1	0.000300193870629809	0.999195018366916	-0.00312062112467245	0.679051630611124	-0.00138141453979916	0.939483959627545	-0.00312062112467245	0.49235631987099	-0.00282042725404264	0.396319187731466	0.00173920658487329	0.89196693682409	-4.11996825544492e-18	1	0.000300193870629812	0.999967904797194	-0.0017392065848733	0.650456112416214	-0.00143901271424348	0.140223446646004	0.000300193870629817	0.999807698596581	2.16822760256986	0.000131899065863986	0.0594542238119409	0.195349592524949	"NA"
"Thiophenes"	93	2.59821482044253e-06	9.29139525957684e-06	1.44818352185481e-05	1.84415635191966e-05	9.2263853318354e-06	1.41559158365756e-05	1.83837454008266	2.47865181745185	2.82736835315797	1.82824482878009	2.44581246653766	0.640277277369189	0.988993813075311	-0.0101297113025724	0.607437926455	0.348716535706122	-0.650406988671761	-0.0328393509141885	-0.999123524377883	-0.38155588662031	0.617567637757573	0.00164786432832544	0.824942432579576	0.00221579080665924	0.64585867675948	0.00203639157152056	0.0619198427894394	0.00123214533160005	0.863608645873003	0.00170457076406573	0.148242890416111	0.000567926478333792	0.999542853220758	0.000388527243195113	0.999609627585865	-0.000415718996725396	0.999764487338154	5.67064357402821e-05	0.999999970862595	-0.000179399235138679	0.999994359163055	-0.000983645475059188	0.989171911256039	-0.00051122004259351	0.998957234352602	-0.000804246239920508	0.959709908853108	-0.00033182080745483	0.984200563092856	0.000472425432465678	0.9959571781968	1.69006754252811	7.22749587969602e-05	0.138983692670088	0.307135290449795	"NA"
"Organonitrogen compounds"	21	0.00404823983172219	0.00542092351896204	0.00613093086858761	0.00508910584302305	0.00600841952257824	0.00618804917646114	0.421243890014989	0.59881137433033	0.330117433936178	0.569690786067327	0.612189899132353	0.177567484315341	-0.091126456078811	0.148446896052338	0.190946009117364	-0.268693940394152	-0.029120588263003	0.0133785248020225	0.239573352131149	0.282072465196175	0.0424991130650257	-0.00137145408283117	0.971205603629523	0.000186027659757149	0.999998722670735	-0.000700020371496237	0.977493987192617	-0.00137145408283116	0.927394556352211	-0.000508293840671921	0.99369455896373	0.00155748174258832	0.984945233653922	0.000671433711334932	0.998510499402898	7.91467585914418e-18	1	0.000863160242159248	0.994767295524524	-0.000886048031253387	0.996247034953912	-0.00155748174258831	0.974818412868348	-0.00069432150042907	0.998765610156437	-0.000671433711334924	0.994700541630548	0.000191726530824317	0.999677605466186	0.00086316024215924	0.981424586343769	0.302922752958337	2.22839308116442e-05	0.910676753772407	0.9742123412449	"NA"
"Imidazopyrimidines"	62	0.000522542405551983	0.000615610178778125	0.00272828079778112	0.00192633758775214	0.000731600956691643	0.0022413761551065	0.236468965979196	2.38437211065643	1.88224053029302	0.485508841596163	2.10076476181489	2.14790314467724	1.64577156431382	0.249039875616968	1.86429579583569	-0.502131580363413	-1.89886326906027	-0.283607348841546	-1.39673168869686	0.218524231521866	1.61525592021872	0.000484245661889867	0.999407440686345	-0.00148849480348429	0.927926641062837	-0.000126711485640904	0.999983358224666	-0.00148849480348429	0.78659185218234	0.00136144719660136	0.447170988939159	-0.00197274046537415	0.900892557464301	-0.000610957147530771	0.997407031466406	-0.00197274046537416	0.81123254272944	0.000877201534711497	0.985175213483809	0.00136178331784338	0.93509328264734	-7.17544710517679e-18	1	0.00284994200008565	0.350371042880261	-0.00136178331784339	0.763854408775782	0.00148815868224227	0.0527889550738792	0.00284994200008566	0.0523300642004626	3.23448348413591	0.000156285308261998	0.00798830483769314	0.0459327528167356	"NA"
"Benzothiadiazoles"	21	2.58969608088004e-05	0	4.91968856250054e-06	1.79628461488503e-06	0	2.58713070581662e-05	-Inf	-2.3961439026457	-3.84969493421409	-Inf	-0.001429854363477	Inf	Inf	NA	Inf	-1.45355103156839	-Inf	2.39471404828222	-Inf	3.84826507985061	Inf	-0.0010850613812271	0.989772871564398	-9.31209695165564e-05	0.999999959144177	-0.000646109460443663	0.984059136640703	-0.00108506138122709	0.972507693272341	0.000360208526606279	0.998756059919917	0.000991940411710543	0.998145713878316	0.000438951920783437	0.999809730083971	5.67727683046955e-18	1	0.00144526990783338	0.947373843844762	-0.000552988490927106	0.999608101286452	-0.000991940411710537	0.996780268772619	0.000453329496122835	0.999843944461348	-0.000438951920783431	0.999297183849925	0.00100631798704994	0.618347963919103	0.00144526990783337	0.845987356040331	0.721155797722729	5.27665512404254e-05	0.608327244164566	0.835315021837912	"NA"
"Benzothiazoles"	18	0	6.18931335436538e-07	0	3.02261815384268e-05	0	4.68474468797095e-06	Inf	NA	Inf	NA	Inf	-Inf	5.60987556017613	-Inf	2.92011915507283	Inf	NA	Inf	-Inf	-2.6897564051033	Inf	0.000321178066288785	0.999947785840115	-7.01281677930397e-18	1	0.00129530130946164	0.637956844019832	-5.14010393591991e-18	1	0.000645826454385188	0.967211455927067	-0.000321178066288791	0.999986572134293	0.000974123243172858	0.984614241008619	-0.00032117806628879	0.999967726725127	0.000324648388096404	0.999915379973071	0.00129530130946165	0.96276580538086	1.87271284338405e-18	1	0.000645826454385195	0.99839596077838	-0.00129530130946165	0.850428625124687	-0.000649474855076454	0.860374817790105	0.000645826454385193	0.99114128460957	0.72365997994845	4.13103222343689e-05	0.606469380783332	0.835315021837912	"NA"
"Organic carbonic acids and derivatives"	58	6.40631017684738e-05	0.000125961836476303	3.90118059478205e-05	4.30459481803982e-05	0.000108328928062622	6.71953370993005e-05	0.975421140240262	-0.715582865699643	-0.573616205009257	0.757852993970801	0.0688674718868165	-1.6910040059399	-1.54903734524952	-0.217568146269461	-0.906553668353445	0.141966660690385	1.47343585967044	0.784450337586459	1.33146919898006	0.642483676896074	-0.688985522083984	0.000456400235335106	0.999800318458796	-0.000168707701216187	0.999999007354275	0.00166903358818597	0.446435603839073	0.000466989572981546	0.999341555623058	0.00237508893149837	0.0767225544240256	-0.000625107936551293	0.999755867819981	0.00121263335285087	0.971481246221001	1.058933764644e-05	0.999999999999209	0.00191868869616327	0.81560249369466	0.00183774128940216	0.888934662604904	0.000635697274197733	0.999532863883528	0.00254379663271456	0.657471200922233	-0.00120204401520443	0.916499434448559	0.000706055343312399	0.858365779135891	0.00190809935851683	0.580738237337672	2.17503211654453	0.000145591167578325	0.0587217532328672	0.195349592524949	"NA"
"Diazanaphthalenes"	57	9.22167162131726e-06	3.22062295844185e-05	2.36764170123381e-05	0.000533847150607242	1.01485893010292e-05	0.000125170291384857	1.80423957465604	1.36035057408693	5.85525462994052	0.138179002135397	3.76272008230308	-0.443889000569109	4.05101505528448	-1.66606057252064	1.95848050764704	4.49490405585359	-1.22217157195154	2.40236950821615	-5.71707562780512	-2.09253454763744	3.62454108016768	0.00166590237450324	0.932615775936992	-0.000576746585210134	0.999637163007321	0.000594922147633732	0.988769644187177	-0.000462325401500695	0.999482270371814	-0.000434821287688895	0.996859873605806	-0.00224264895971337	0.925898207918762	-0.00107098022686951	0.98620137614082	-0.00212822777600394	0.880099597379514	-0.00210072366219213	0.780735661575953	0.00117166873284387	0.985808393506158	0.00011442118370944	0.999999923231084	0.00014192529752124	0.999999501626404	-0.00105724754913443	0.95793682464883	-0.00102974343532263	0.588762699764229	2.75041138118001e-05	0.999999999163493	0.80801376114997	5.85111675299554e-05	0.545272385405146	0.796270785036086	"NA"
"Benzopyrans"	17	2.89990217655816e-05	0.000196177168642568	2.90571011986274e-05	3.78772788272415e-06	0.000425557780269492	5.1700844828277e-05	2.75808100935294	0.00288654955610086	-2.93659964031083	3.8752788884548	0.834183621276573	-2.75519445979684	-5.69468064966377	1.11719787910186	-1.92389738807637	-2.93948618986693	3.8723923388987	0.831297071720473	6.81187852876563	3.7707832615874	-3.04109526717822	-0.000334569843755596	0.999981407413029	-0.000334569843755588	0.999987063533071	-0.000242169977095617	0.999920544516146	-8.07047454014272e-05	0.999999953501618	0.00154034563527428	0.672722454669717	8.23993651088983e-18	1	9.23998666599796e-05	0.999999956189704	0.000253865098354169	0.999997097495698	0.00187491547902988	0.909251655156564	9.23998666599714e-05	0.999999971156698	0.000253865098354161	0.999997857011277	0.00187491547902987	0.935482484899631	0.000161465231694189	0.999997302348078	0.0017825156123699	0.142680684179592	0.00162105038067571	0.851488215567124	1.51089333818429	0.00014192301240805	0.188358418441882	0.3545967882806	"NA"
"Pyridines and derivatives"	15	0.00298627624962046	0.00235161803086677	0.00192522827632549	0.00185271830690391	0.0027046937120596	0.00184244715900087	-0.344693885334071	-0.633318112342484	-0.688704083983732	-0.142882402126718	-0.696724386426946	-0.288624227008412	-0.344010198649661	0.201811483207353	-0.352030501092875	-0.0553859716412486	0.490435710215765	-0.0634062740844626	0.545821681857014	-0.00802030244321398	-0.553841984300228	0.00103978339917574	0.998022186863308	0.000829725600050864	0.999533953599524	0.0017422923065239	0.758371705585152	-0.000537968962130191	0.99976453316442	-7.14874587122348e-05	0.999999910186628	-0.000210057799124879	0.999999811989698	0.000702508907348152	0.99957689499201	-0.00157775236130593	0.991089180872303	-0.00111127085788798	0.995900604933247	0.000912566706473031	0.998994388189227	-0.00136769456218105	0.996560662981047	-0.000901213058763099	0.999001106994309	-0.00228026126865409	0.763302524593666	-0.00181377976523613	0.300705250845335	0.000466481503417956	0.999764569916777	1.04550201686326	0.000141437377502442	0.392362904208432	0.601623119786262	"NA"
"Furanoid lignans"	5	0	0	0	0	0	5.57495100078396e-05	NA	NA	NA	NA	Inf	NA	NA	NA	Inf	NA	NA	Inf	NA	Inf	Inf	5.16967308607861e-18	1	4.73599221708441e-18	1	8.73687597161698e-18	1	2.88299214047282e-18	1	0.0016746886916404	0.719436282997886	-4.33680868994202e-19	1	3.56720288553837e-18	1	-2.28668094560579e-18	1	0.0016746886916404	0.967345547064232	4.00088375453257e-18	1	-1.85300007661159e-18	1	0.0016746886916404	0.977527364061591	-5.85388383114416e-18	1	0.00167468869164039	0.337228537027727	0.0016746886916404	0.89872739893471	1.07688906077347	0.000132593598908855	0.374632058057564	0.584172022733829	"NA"
"Organochlorides"	87	9.8987985567818e-05	8.54857446587796e-06	0	4.63253588036063e-05	0	5.96337848862872e-05	-3.53349766636862	-Inf	-1.09545128173024	-Inf	-0.73112352629806	-Inf	2.43804638463838	-Inf	2.80237414007056	Inf	NA	Inf	-Inf	0.364327755432178	Inf	-0.00336466057935625	0.844169366273729	-0.0055939528311675	0.449417800541081	-0.0019073133233358	0.815194632880381	-0.00559395283116752	0.143382962492211	-0.00129199976621237	0.951758654465704	-0.00222929225181125	0.991165875220893	0.00145734725602045	0.993838149923172	-0.00222929225181128	0.980344672933338	0.00207266081314387	0.968022242593738	0.0036866395078317	0.793393182930427	-2.29062349896028e-17	1	0.00430195306495513	0.654918850665147	-0.00368663950783173	0.453182946527848	0.000615313557123427	0.991229290774227	0.00430195306495515	0.253619446463054	1.77975915534081	0.000338938655209599	0.118969216418707	0.288030734487395	"NA"
"Purine nucleotides"	55	0.00104130498685363	0.000242387606916559	0.000731018842799923	0.000529546676811388	0.000212401231044104	0.00041554993901179	-2.10300483817268	-0.510412181352547	-0.975562919074139	-2.29352864723215	-1.32529891070686	1.59259265682013	1.12744191909854	-0.190523809059476	0.777705927465821	-0.465150737721591	-1.78311646587961	-0.814886729354308	-1.31796572815801	-0.349735991632717	0.968229736525298	-0.00584404775022478	0.143863073828515	-0.0015204134783884	0.9913855008885	-0.00537456363701801	0.000638168182234278	-0.0057565022984956	0.0344103843958223	-0.00516033674517188	0.00064432445138296	0.00432363427183637	0.738754513637446	0.000469484113206766	0.999940177375996	8.75454517291724e-05	0.999999994111478	0.000683711005052893	0.999593832124076	-0.00385415015862961	0.598455970204732	-0.0042360888201072	0.652917105377179	-0.00363992326678348	0.645615792790536	-0.000381938661477594	0.999919229217965	0.000214226891846126	0.999872093590384	0.00059616555332372	0.999198191733357	4.48890073393348	0.000600531616485534	0.000694452666919546	0.00673303466447734	"cladeA"
"Saccharolipids"	17	0	0	0	3.66126466072008e-05	0	3.14454409742454e-05	NA	NA	Inf	NA	Inf	NA	Inf	NA	Inf	Inf	NA	Inf	-Inf	-0.219491197744279	Inf	-1.07828834245377e-17	1	2.75978734814492e-19	1	0.00153134102733518	0.817659674393598	4.61278742475651e-18	1	0.00159324672067108	0.761976624318003	1.10588621593521e-17	1	0.00153134102733519	0.979373254392294	1.53956708492942e-17	1	0.00159324672067109	0.973972307452367	0.00153134102733517	0.985814813022326	4.33680868994202e-18	1	0.00159324672067108	0.982180902793391	-0.00153134102733517	0.935626697562852	6.19056933359016e-05	0.999999676537056	0.00159324672067107	0.917373186438599	0.673683493544288	8.33483619321787e-05	0.643896749270567	0.846264299041317	"NA"
"Carboxylic acids and derivatives"	82	0.0181598504654903	0.0212269153213475	0.0214173362989059	0.0190247467608998	0.019644334311317	0.019908974528858	0.225142412139252	0.238026738419452	0.0671249270639589	0.113360956909167	0.132666589632817	0.0128843262802005	-0.158017485075293	-0.111781455230085	-0.0924758225064347	-0.170901811355494	-0.124665781510286	-0.105360148786635	0.0462360298452081	0.0655416625688585	0.0193056327236505	0.00151576882340573	0.995835430016447	-0.00354565325165325	0.879271615115214	-0.00126099250853896	0.970259820827804	0.00198983732641054	0.9613801310767	0.00123954687596348	0.967161681266252	-0.00506142207505898	0.790584491717638	-0.00277676133194469	0.917099975036146	0.000474068503004807	0.999991232240047	-0.000276221947442247	0.99999851403255	0.0022846607431143	0.974116023338116	0.00553549057806379	0.610731901954555	0.00478520012761674	0.596633731442243	0.00325082983494949	0.644873363988512	0.00250053938450244	0.197632628874787	-0.000750290450447054	0.999181860920866	1.61643015817195	0.000339679394096417	0.157657878906377	0.337314531613644	"NA"
"Naphthopyrans"	97	9.71095955933654e-07	1.32039813611641e-05	1.71975551289387e-05	5.98976409814032e-05	1.46151297829595e-05	5.0847383498423e-05	3.76521533865997	4.14644581189298	5.9467415162971	3.91170497189696	5.71041586938307	0.381230473233009	2.18152617763714	0.146489633236996	1.9452005307231	1.80029570440413	-0.234740839996013	1.56397005749009	-2.03503654440014	-0.236325646914033	1.79871089748611	0.00240804336592714	0.909160957756811	0.00155766268512382	0.989747757463271	0.00445299662056077	0.00734770027421261	0.002058878687295	0.883803591548527	0.00459475688885974	0.00297766545201883	-0.000850380680803324	0.999783852943715	0.00204495325463363	0.936474899292215	-0.000349164678632145	0.999993698203675	0.0021867135229326	0.912489917299328	0.00289533393543695	0.826718065153251	0.00050121600217118	0.999971906888721	0.00303709420373592	0.788103297615414	-0.00239411793326577	0.707240492588685	0.000141760268298967	0.999982286331067	0.00253587820156474	0.631035517703513	3.58817496730962	0.00046707787488681	0.00403097546172738	0.0285269032676091	"cladeHcladeJ"
"Benzimidazoles"	173	6.90341321605645e-05	6.74101628658006e-05	4.32772500321917e-05	7.18792498034468e-05	0.000105138330603974	0.000122691642067327	-0.0343437310858585	-0.673701013085301	0.0582655097211401	0.606906985906684	0.829655226814845	-0.639357281999442	0.0926092408069988	0.641250716992542	0.863998957900703	0.731966522806441	1.28060799899198	1.50335623990014	0.548641476185543	0.771389717093704	0.222748240908161	0.00011285939125856	0.999999964734819	-0.00243397713584168	0.930874162221683	-0.00045243234251735	0.999258345540442	0.00185237601305255	0.92484988116942	0.00221939114881578	0.462800586126578	-0.00254683652710024	0.963762018363649	-0.000565291733775911	0.999845044542625	0.00173951662179399	0.985272551997036	0.00210653175755722	0.926478407186617	0.00198154479332433	0.961744395991672	0.00428635314889423	0.634193415890973	0.00465336828465746	0.363947517607485	0.0023048083555699	0.74497294570367	0.00267182349133313	0.0261818373849809	0.000367015135763229	0.999923160374663	2.64101451333467	0.000348373112266219	0.0247505457225734	0.10350228211258	"cladeJ"
"Glycerophospholipids"	37	3.09431041454307e-05	0.000628463658368649	0.000175465669440143	0.000128210688597019	3.78389439825722e-05	6.76167917034404e-05	4.34413948435096	2.50349895187359	2.05082670355157	0.290253894094175	1.1277636324404	-1.84064053247737	-2.29331278079939	-4.05388559025679	-3.21637585191056	-0.452672248322025	-2.21324505777942	-1.37573531943319	-1.76057280945739	-0.923063071111163	0.83750973834623	0.0115897340852179	0.000559704880218503	-0.000271523222644477	0.999999077231433	-0.000286052610808985	0.999963032778745	-0.00164320702814844	0.975993731836056	-0.000692629922763621	0.996638526278025	-0.0118612573078624	0.0155646096821042	-0.0118757866960269	9.33041638238041e-05	-0.0132329411133664	0.000303412500871958	-0.0122823640079815	3.52353031624064e-05	-1.45293881645085e-05	0.99999999999952	-0.00137168380550396	0.998199560947586	-0.000421106700119144	0.999988107093778	-0.00135715441733945	0.982509971212282	-0.000406577311954636	0.998556600761409	0.000950577105384817	0.996239582796169	4.92042590051906	0.000878459054818407	0.000298003270428283	0.00342703760992525	"cladeF"
"Fatty Acyls"	16	0.00266121131448281	0.00192752435252603	0.00373783660782654	0.00317371511962972	0.00273999719602996	0.00310965057450211	-0.46533398524775	0.49012043323647	0.254089561527642	0.0420913441582042	0.224669403926516	0.955454418484221	0.719423546775392	0.507425329405955	0.690003389174266	-0.236030871708829	-0.448029089078266	-0.265451029309954	-0.211998217369438	-0.0294201576011259	0.182578059768312	0.00110814607600068	0.998900558447829	0.00947345392793682	0.0307149624412959	0.000915906962904692	0.991731657407279	-0.000747136100848261	0.999526297928209	0.000658309673192416	0.997889896730973	0.00836530785193614	0.240095295137015	-0.000192239113095984	0.999999729319554	-0.00185528217684894	0.992010956026222	-0.00044983640280826	0.999979988774957	-0.00855754696503212	0.0426953659008933	-0.0102205900287851	0.0332534066750296	-0.0088151442547444	0.0301419223110007	-0.00166304306375295	0.965300839875038	-0.000257597289712277	0.999876386154076	0.00140544577404068	0.981655676902474	2.138952580718	0.000419512342364566	0.0627058542379265	0.198928916892732	"cladeG"
"Coumarins and derivatives"	79	0.000145319339054857	0.000552521796599748	5.68720838754804e-05	0.000160820445082329	0.000183037920872796	0.000141595127158168	1.92680466976206	-1.35343413637238	0.146224118631328	0.332915860574906	-0.0374550916791591	-3.28023880613444	-1.78058055113073	-1.59388880918715	-1.96425976144122	1.49965825500371	1.68634999694729	1.31597904469322	0.186691741943578	-0.183679210310487	-0.370370952254065	0.00892592949291873	0.00731070340360584	-0.000610828864733868	0.999922824139024	0.00396393397040413	0.048981070042725	0.000279331092716403	0.999993171132906	0.00363083425868022	0.0699738748377295	-0.00953675835765259	0.0537578460879894	-0.0049619955225146	0.291398958396935	-0.00864659840020232	0.0278743896575194	-0.00529509523423851	0.211045025800405	0.004574762835138	0.480218181308825	0.000890159957450272	0.999675642987029	0.00424166312341408	0.553163528883861	-0.00368460287768773	0.325212590966941	-0.000333099711723912	0.999192279093182	0.00335150316596381	0.407881945977411	4.20001670769331	0.000639938648879552	0.00122266140335573	0.0102258953735207	"cladeFcladeH"
"Organic sulfuric acids and derivatives"	89	5.72326785272121e-05	6.00092348705784e-06	0.000120815436397054	5.65370953878923e-05	1.70190069496754e-05	6.70716102051205e-05	-3.25358268710226	1.07789376463964	-0.0176413614144076	-1.74969226858489	0.228863110064297	4.33147645174189	3.23594132568785	1.50389041851737	3.48244579716656	-1.09553512605404	-2.82758603322452	-0.849030654575339	-1.73205090717048	0.246504471478705	1.97855537864918	-0.00351394091000383	0.853807822858546	0.00456192472919045	0.724930885131758	-0.00144250019828894	0.94993173806478	-0.00278972715629957	0.858953722614164	-0.00122671586786968	0.970185629225705	0.00807586563919428	0.32789875941187	0.00207144071171489	0.976937095962057	0.00072421375370426	0.999932315311832	0.00228722504213415	0.962470828670891	-0.00600442492747939	0.365122616230548	-0.00735165188549002	0.303653553320732	-0.00578864059706013	0.394546762206587	-0.00134722695801063	0.988910498849679	0.000215784330419262	0.999959079132555	0.00156301128842989	0.976093420251207	1.21273442257437	0.00026101447385881	0.30480927685884	0.500758097696665	"NA"
"(5'->5')-dinucleotides"	14	0.000253974879100604	0	0	9.18722210403778e-06	0	5.58675972021952e-05	-Inf	-Inf	-4.78891328875535	-Inf	-2.18460212753152	NA	Inf	NA	Inf	Inf	NA	Inf	-Inf	2.60431116122383	Inf	-0.00672429123588679	0.339970017056485	-0.00672429123588678	0.424190272345365	-0.00605428817284644	0.0122549701830107	-0.00672429123588679	0.126971484281154	-0.00524167582737453	0.0335864944219901	1.06251812903579e-17	1	0.000670003063040351	0.999935016976323	-7.56970244062607e-18	1	0.00148261540851226	0.996686666007277	0.00067000306304034	0.999957051880776	-1.8194883730984e-17	1	0.00148261540851225	0.997796282615935	-0.000670003063040359	0.999757529657309	0.00081261234547191	0.985133019555778	0.00148261540851227	0.988001027799467	2.60851498103876	0.000687347002347916	0.0263095786013517	0.105238314405407	"cladeA"
"Prenol lipids"	107	0.00058180057560921	0.000520608195950956	0.00113161558918828	0.000916376131484415	0.00077374154118081	0.000938272369281424	-0.160326699467666	0.959787327722946	0.655415157998102	0.411327008573879	0.689482056925705	1.12011402719061	0.815741857465768	0.571653708041545	0.849808756393371	-0.304372169724844	-0.548460319149067	-0.270305270797241	-0.244088149424223	0.0340668989276034	0.278155048351826	-0.0022370062653421	0.965182249120807	0.00553093496422395	0.427298403906751	0.00177663169806159	0.839681620845617	-0.000388405964449654	0.999976509260552	0.00163558822936888	0.862513629949193	0.00776794122956604	0.270230972169379	0.00401363796340368	0.621395176829545	0.00184860030089244	0.990330385112833	0.00387259449471098	0.644194794136153	-0.00375430326616236	0.757717047081303	-0.0059193409286736	0.447173728698652	-0.00389534673485507	0.71834650583015	-0.00216503766251124	0.879268470608931	-0.000141043468692707	0.999992201868156	0.00202399419381853	0.898055574814202	1.4286200308755	0.000256048616026893	0.215842311155355	0.389362600515542	"NA"
"Propargyl-type 1,3-dipolar organic compounds"	116	5.18080214701496e-05	0.000248164493271193	2.85302187535724e-05	0.000122894861580281	0.000277179511552886	0.000144285017383301	2.26004931944397	-0.860684679900073	1.24617720196973	2.41957322710253	1.4776741038049	-3.12073399934405	-1.01387211747425	0.159523907658556	-0.782375215639069	2.1068618818698	3.2802579070026	2.33835878370498	1.1733960251328	0.231496901835179	-0.941899123297625	0.00643419330711046	0.631866075415809	0.000320802229804859	0.999999726659582	0.00153787743765588	0.983274211695418	0.00895750928994032	0.0815508613101388	0.00353179221091325	0.572552151389324	-0.0061133910773056	0.872287224502895	-0.00489631586945458	0.800764404381661	0.00252331598282986	0.993837849178628	-0.00290240109619721	0.973291506556819	0.00121707520785102	0.999718571663013	0.00863670706013546	0.482770046957255	0.00321098998110839	0.971445209998391	0.00741963185228444	0.125225394954502	0.00199391477325737	0.772381509433295	-0.00542571707902707	0.417170594137653	2.07698650446362	0.000842733694552119	0.0701540979710099	0.20819925849461	"NA"
"Sulfenyl compounds"	89	0.000209301284461524	0.000273434881371699	0.000299222621954114	0.000138924217324878	9.5846587839128e-05	0.000122372201493115	0.385616130212532	0.515638085284878	-0.591283052883417	-1.12678218765877	-0.77430529781486	0.130021955072345	-0.97689918309595	-1.5123983178713	-1.15992142802739	-1.1069211381683	-1.64242027294365	-1.28994338309974	-0.535499134775353	-0.183022244931443	0.35247688984391	-0.00407825406898438	0.947099727159329	0.0042380304059848	0.954193803718766	-0.00428587120250792	0.504912865944349	-0.00597522779694979	0.575129217995027	-0.00505706405004468	0.270823893384977	0.00831628447496918	0.733327030312681	-0.000207617133523535	0.999999959309873	-0.0018969737279654	0.998981265926703	-0.000978809981060294	0.999901757131639	-0.00852390160849272	0.434042784442568	-0.0102132582029346	0.39582238228036	-0.00929509445602948	0.321591132286831	-0.00168935659444187	0.995262054836263	-0.000771192847536759	0.997220489187218	0.000918163746905107	0.999720186445532	1.71010837695131	0.000835349784630757	0.134261755979307	0.307135290449795	"NA"
"Biotin and derivatives"	90	1.78221688472952e-05	7.12623952194596e-05	3.19458946630374e-05	8.58789169814623e-05	9.94224115253434e-05	6.73512991244741e-05	1.99946806052318	0.841957629124786	2.26863108291984	2.47989818220486	1.91803285921244	-1.15751043139839	0.26916302239666	0.480430121681684	-0.0814352013107388	1.42667345379505	1.63794055308008	1.07607523008765	0.211267099285024	-0.350598223707399	-0.561865322992423	0.0029652753810252	0.917965772498009	0.00309117673667904	0.927599574387995	0.00475687932561176	0.039372905485561	0.0033624289224339	0.719724882266353	0.00297383832348447	0.387118429149619	0.00012590135565384	0.999999995024136	0.00179160394458656	0.986980292755598	0.000397153541408696	0.999996271486989	8.5629424592679e-06	1	0.00166570258893272	0.993660719822712	0.000271252185754856	0.999999589210686	-0.000117338413194572	0.99999998617918	-0.00139445040317786	0.985972416581706	-0.00178304100212729	0.565385016772352	-0.000388590598949428	0.999966951683545	1.81846902795714	0.000378086599167193	0.111179604606996	0.276446584428206	"cladeH"
"Organic thiophosphoric acids and derivatives"	123	0.000128186966989774	0.000204827767870647	0.000160425575278233	9.7717318691705e-05	0.000137650870792659	0.00015739270247151	0.676161722434357	0.323654568774559	-0.391563405372404	0.102764148697663	0.296119063802901	-0.352507153659798	-1.06772512780676	-0.573397573736694	-0.380042658631456	-0.715217974146963	-0.220890420076896	-0.0275355049716583	0.494327554070067	0.687682469175304	0.193354915105238	0.000105264638774735	0.999999998318474	0.000685613602212797	0.999986501824038	-0.00202925099622607	0.939241690215514	0.000173926645496146	0.999999937584265	0.000354071133871601	0.999981028342967	0.000580348963438062	0.999997833530378	-0.00213451563500081	0.99304333725091	6.86620067214105e-05	0.999999999877777	0.000248806495096865	0.9999998088947	-0.00271486459843887	0.98572494192398	-0.000511686956716651	0.999997940921998	-0.000331542468341196	0.999999477576119	0.00220317764172222	0.973185276824821	0.00238332213009767	0.58858043144316	0.000180144488375455	0.999999848360977	0.579621525067732	0.000224762374122647	0.715575936439777	0.880201174012014	"NA"
"Azolidines"	14	1.98148391964178e-06	0.00271370427038371	0	3.91973316508747e-07	0	1.47393098237256e-05	10.4194665348947	-Inf	-2.33775390776398	-Inf	2.89501580648012	-Inf	-12.7572204426587	-Inf	-7.52445072841461	Inf	NA	Inf	-Inf	5.2327697142441	Inf	0.038328651549795	8.83737527601625e-14	-0.000406353939003454	0.999996432998196	-0.00029584094278589	0.999977315095025	-0.000406353939003487	0.999984596435152	0.000262772856866847	0.999984636224237	-0.0387350054887984	1.4210854715202e-13	-0.0386244924925809	8.59312621059871e-14	-0.0387350054887984	1.11022302462516e-13	-0.0380658786929281	8.59312621059871e-14	0.000110512996217564	0.99999999267265	-3.33934269125535e-17	1	0.000669126795870301	0.999938532255245	-0.000110512996217598	0.999999957711057	0.000558613799652737	0.996497827559351	0.000669126795870334	0.999634027276483	36.800314216853	0.00855621119625029	4.47989133197347e-26	4.12150002541559e-24	"cladeF"
"Sphingolipids"	43	0.000188820741269838	0.000347185850692091	0.000218388735066401	0.000347333112918758	0.00025015780982907	0.000345824167270282	0.87869090479552	0.209881192849277	0.87930270806782	0.405821245215764	0.873021444334222	-0.668809711946244	0.000611803272299498	-0.472869659579756	-0.00566946046129802	0.669421515218543	0.195940052366488	0.663140251484946	-0.473481462852055	-0.00628126373359745	0.467200199118458	0.00148911849097339	0.999731917807664	-0.00365768146334224	0.986305308569291	0.00122696153908759	0.997915548609368	-0.00126190406461585	0.999648371112713	0.000848808658155978	0.999574739583431	-0.00514679995431562	0.974353166763037	-0.000262156951885797	0.999999931436171	-0.00275102255558924	0.996736825842054	-0.000640309832817408	0.999993688838394	0.00488464300242983	0.937237727705794	0.00239577739872639	0.998741348931311	0.00450649012149822	0.952883294042424	-0.00248886560370344	0.98441052796262	-0.000378152880931611	0.999954277000297	0.00211071272277183	0.991845107746041	0.269308896228811	0.000170213471128191	0.929437312633375	0.975260877334231	"NA"
"Pyrans"	124	2.78330227132452e-05	3.08621530327074e-05	3.01867962242572e-05	4.99557440594345e-05	1.40838110810306e-05	0.00026896596261992	0.149041115687404	0.117120053016767	0.843852976610411	-0.98275981603193	3.27255411127649	-0.0319210626706373	0.694811860923006	-1.13180093171933	3.12351299558908	0.726732923593643	-1.0998798690487	3.15543405825972	-1.82661279264234	2.42870113466608	4.25531392730842	-0.000365965824949637	0.999999710820501	0.000992113507502461	0.999971072731888	0.000900625479578643	0.999464132229922	-0.00115431978913124	0.999739134045227	0.00173143746525792	0.985696339456141	0.0013580793324521	0.999949269859763	0.00126659130452828	0.999800331805856	-0.000788353964181598	0.999991813887045	0.00209740329020755	0.997536584118851	-9.14880279238185e-05	0.999999999730637	-0.0021464332966337	0.99915228214026	0.000739323957755456	0.999990303308398	-0.00205494526870988	0.99261015985338	0.000830811985679274	0.997546157749756	0.00288575725438915	0.962690274453475	0.218981255609911	0.000130815670853939	0.954059553913921	0.975260877334231	"NA"
"Alkyl halides"	50	0.00175607570273435	0.00222079530228356	0.00171160515154828	0.00136788794333816	0.000576509065397878	0.000728561643635635	0.338721381845636	-0.0370051131396869	-0.360404989164937	-1.6069398403802	-1.26923209034593	-0.375726494985323	-0.699126371010573	-1.94566122222584	-1.60795347219156	-0.32339987602525	-1.56993472724051	-1.23222697720624	-1.24653485121526	-0.90882710118099	0.337707750034274	-0.00903498749246599	0.129589222535736	0.025292288694632	1.05871342803709e-08	-0.00671820237305554	0.00919292979229314	-0.00794893371035611	0.0718540450769846	-0.00623725248295323	0.0133701819677672	0.0343272761870979	1.92761806516728e-10	0.00231678511941045	0.982893756702206	0.00108605378210988	0.999793649651309	0.00279773500951276	0.958748632069186	-0.0320104910676875	1.59205981731247e-13	-0.0332412224049881	4.95115060061835e-12	-0.0315295411775852	1.64201985342061e-13	-0.00123073133730057	0.996845051117264	0.000480949890102314	0.999129593619281	0.00171168122740288	0.983855672603884	18.3211660353682	0.00564297796374895	9.32423029552437e-15	4.28914593594121e-13	"cladeAcladeFcladeG"
"Thiocarbonyl compounds"	96	6.00799763405559e-05	3.44722634985084e-05	5.94776883605991e-05	6.21456493767856e-05	6.13171134931718e-05	0.000119293689172601	-0.801448213469015	-0.014535667530066	0.048769151509536	0.0294055389186349	0.989561574338502	0.786912545938949	0.850217364978551	0.83085375238765	1.79100978780752	0.0633048190396022	0.0439412064487011	1.00409724186857	-0.019363612590901	0.940792422828966	0.960156035419867	-0.000696092236121867	0.9999596538983	-0.002027834758	0.994875305698766	-0.00125254160441808	0.986658643725384	0.00101171348357201	0.999248609130576	0.000567415207577305	0.999625652294905	-0.00133174252187813	0.999743095559991	-0.000556449368296212	0.999980855948238	0.00170780571969388	0.997974386624115	0.00126350744369917	0.998848126763423	0.000775293153581922	0.99993452136022	0.00303954824157202	0.977941400696148	0.00259524996557731	0.977837467606979	0.00226425508799009	0.947063304934235	0.00181995681199538	0.721369304261425	-0.00044429827599471	0.999973600806281	0.514687887546924	0.000153151257543363	0.764957064746944	0.906464766653066	"NA"
"Macrolactams"	49	0.000128856148380159	0.000183619898770856	4.343508959385e-05	4.79525090652364e-05	4.23373302893541e-06	0.000191261643151053	0.510961034026618	-1.56882845863667	-1.42608316728423	-4.92768726827141	0.569786198147422	-2.07978949266329	-1.93704420131085	-5.43864830229803	0.0588251641208049	0.142745291352441	-3.35885880963474	2.1386146567841	-3.50160410098718	1.99586936543166	5.49747346641883	0.00436395833297156	0.938752029900154	0.000706804827376535	0.999992460519735	-0.00156459019918801	0.9897308367095	-0.00258132323366007	0.983444075060652	0.0029939649769659	0.822744660362289	-0.00365715350559502	0.991487509774089	-0.00592854853215956	0.752128042442168	-0.00694528156663163	0.76184424033811	-0.00136999335600566	0.999562060947977	-0.00227139502656454	0.996854046021495	-0.00328812806103661	0.991112576361898	0.00228716014958937	0.996573090745774	-0.00101673303447207	0.999647398231183	0.00455855517615391	0.086702671802884	0.00557528821062597	0.529633424008514	1.86342866456696	0.000970544704721058	0.102725785868943	0.270022065712651	"NA"
"Oxanes"	95	0.000437698679326878	0.000135912233855601	4.43056138637794e-06	0.000238302159838274	6.17300166566614e-05	0.000133993487716856	-1.68726270779529	-6.62630470972159	-0.877146003550525	-2.82589394516645	-1.70777514566525	-4.9390420019263	0.810116704244763	-1.13863123737116	-0.0205124378699644	5.74915870617106	3.80041076455514	4.91852956405633	-1.94874794161592	-0.830629142114727	1.1181187995012	0.000236416044627588	0.9999999853777	-0.00470904189737462	0.976549249938524	0.000505007225015034	0.999986021440994	-0.000587381840253727	0.999995854864875	-0.000325526217303839	0.999998084118196	-0.00494545794200221	0.988113887768673	0.000268591180387447	0.999999960017558	-0.000823797884881314	0.999995414716204	-0.000561942261931427	0.999998296128627	0.00521404912238966	0.952382883042668	0.0041216600571209	0.991234331992214	0.00438351568007078	0.976289123986967	-0.00109238906526876	0.999837011274974	-0.000830533442318874	0.998865718013813	0.000261855622949887	0.99999985017313	0.165430799182065	0.000136197072737973	0.974948963193601	0.985662688063861	"NA"
"Tetrapyrroles and derivatives"	24	0.000658481305325851	0.000563468796715528	0.000596051885321581	0.00103025802373539	0.000134930211827072	0.000667404322369465	-0.224806761797217	-0.143704561748157	0.645791312282026	-2.2869290680354	0.0194185479068355	0.081102200049059	0.870598074079243	-2.06212230623818	0.244225309704052	0.789495874030184	-2.14322450628724	0.163123109654993	-2.93272038031743	-0.626372764375191	2.30634761594224	0.00252158019570469	0.9898198140591	-0.000109536180743719	0.999999998648004	0.00211905361532415	0.930574966538667	0.000383076468264378	0.999996948002114	0.000408803477899772	0.999963234767879	-0.00263111637644841	0.996534548257279	-0.000402526580380541	0.999998125052829	-0.00213850372744031	0.997004396590414	-0.00211277671780492	0.993280872237837	0.00222858979606787	0.994513444117065	0.000492612649008097	0.999998382686064	0.000518339658643491	0.999995392783679	-0.00173597714705977	0.991234174149762	-0.00171025013742438	0.860445367292099	2.57270096353936e-05	0.999999999991452	0.384805110257246	0.000152363109158565	0.858805166738689	0.947135468426744	"NA"
"Boronic acid derivatives"	100	0.00181551377535982	0.00214273867652124	0.00171380296016147	0.00296510486554468	0.00480444395893045	0.00287080848615875	0.239078036228283	-0.0831766277039835	0.707705252080541	1.40399159397909	0.661079213713119	-0.322254663932266	0.468627215852258	1.16491355775081	0.422001177484836	0.790881879784524	1.48716822168307	0.744255841417103	0.696286341898549	-0.0466260383674216	-0.742912380265971	0.0133814500651299	0.247831300443767	0.00204435330503228	0.999607164089168	0.00130615425488873	0.998731434402658	0.00130690946567741	0.999815017193738	5.10010856884591e-05	0.999999999846266	-0.0113370967600976	0.72056293106732	-0.0120752958102411	0.278324520530189	-0.0120745405994525	0.473078300592692	-0.0133304489794414	0.169188245085091	-0.000738199050143551	0.999996537117538	-0.00073744383935487	0.999998352429496	-0.00199335221934382	0.999501222604853	7.55210788680634e-07	1	-0.00125515316920027	0.993131281227563	-0.00125590837998895	0.999693631650687	1.17107618149955	0.00103143834979185	0.325035838710437	0.520514848325818	"NA"
"Purine nucleosides"	168	0.000119243970133903	0.000984501654157725	0.000109884518116071	0.000228813680473767	0.000174163469624135	0.000256564474490488	3.04547731550774	-0.117928178670833	0.940256996929526	0.546525739159968	1.10540510511268	-3.16340549417857	-2.10522031857821	-2.49895157634777	-1.94007221039506	1.05818517560036	0.664453917830801	1.22333328378351	-0.393731257769558	0.165148108183152	0.55887936595271	0.0150803194518142	0.0122989680440145	-0.00237881389522444	0.996421921573024	0.00174130450873759	0.979706864785058	0.00241890405061917	0.984936203650188	0.00435187415784221	0.427135943099946	-0.0174591333470387	0.0409728292996329	-0.0133390149430766	0.0203128999890851	-0.0126614154011951	0.114157202123126	-0.010728445293972	0.102072980870598	0.00412011840396202	0.944378584553796	0.00479771794584361	0.94338453749242	0.00673068805306665	0.666009313706873	0.000677599541881587	0.999940660940613	0.00261056964910462	0.601784845158115	0.00193297010722304	0.989606229137272	3.0922079326147	0.00147494962280149	0.0104996428807853	0.0536648413906805	"cladeF"
"Organothiophosphorus compounds"	158	0.000864854013522054	0.000392579682067962	0.000463298551281615	0.000363190395980813	0.000254316729179261	0.000411781922648359	-1.13947111968233	-0.900514456723516	-1.25173057459382	-1.76583026094011	-1.07057613123549	0.238956662958817	-0.112259454911482	-0.626359141257778	0.0688949884468414	-0.3512161178703	-0.865315804216595	-0.170061674511976	-0.514099686346296	0.181154443358324	0.69525412970462	-0.00358109289299102	0.981555927264588	-0.00184511478666573	0.99942558653641	-0.00742912794705027	0.0809536609898086	-0.00908302374897115	0.233795933755466	-0.00539658527440006	0.324870935242047	0.00173597810632529	0.999840632174335	-0.00384803505405925	0.965121587579107	-0.00550193085598013	0.924346872368424	-0.00181549238140903	0.998846698321897	-0.00558401316038454	0.887568215861367	-0.00723790896230542	0.831103522971884	-0.00355147048773433	0.982134606884899	-0.00165389580192088	0.99750602234313	0.00203254267265021	0.882612911934748	0.0036864384745711	0.904188596618221	1.82972764505532	0.00112350099564348	0.109004151594378	0.276446584428206	"NA"
"Naphthalenes"	141	0.000173402408229934	0.000118476729429038	0.00053003320628461	0.0001384312539861	0.000181898603917848	0.000283152368833427	-0.549520214552814	1.61195881155503	-0.324954234210958	0.0690105352737808	0.707454664372954	2.16147902610785	0.224565980341856	0.618530749826595	1.25697487892577	-1.93691304576599	-1.54294827628125	-0.904504147182079	0.393964769484739	1.03240889858391	0.638444129099173	-0.00217659378757292	0.998639421572696	0.0057681641122671	0.920940768159185	0.000305114940698117	0.99999825294973	0.00185602365061169	0.998170631133261	0.00171910254784092	0.990114715414772	0.00794475789984002	0.874823293294411	0.00248170872827104	0.99638044029213	0.00403261743818461	0.98448541977051	0.00389569633541384	0.96997722786804	-0.00546304917156898	0.918183272687067	-0.00391214046165541	0.989744395689683	-0.00404906156442618	0.975550359394297	0.00155090870991358	0.998627354798931	0.00141398760714281	0.979609468490824	-0.000136921102770773	0.999999990967329	0.400598470467327	0.000277497208199142	0.847993308488701	0.947135468426744	"NA"
"Glycerolipids"	59	0.000773273456028806	0.000740910831103893	0.000793089144515965	0.000613220409209202	0.000266714771888692	0.000602196310748361	-0.0616787667636821	0.0365043454704576	-0.334572977263589	-1.53568096067628	-0.360744821185632	0.0981831122341398	-0.272894210499907	-1.4740021939126	-0.29906605442195	-0.371077322734046	-1.57218530614674	-0.39724916665609	-1.2011079834127	-0.0261718439220435	1.17493613949065	-0.00316274969922958	0.989900506346233	0.00229392419594444	0.998421316035568	0.0029020171496193	0.902469485254604	0.00186818081469124	0.997586992530675	0.00381805521094443	0.709185261672933	0.00545667389517403	0.966147758846775	0.00606476684884888	0.802146606950141	0.00503093051392083	0.9493402341455	0.00698080491017401	0.678332334070982	0.000608092953674856	0.999996903356654	-0.000425743381253201	0.999999750167816	0.00152413101499999	0.999689520237955	-0.00103383633492806	0.99975532552031	0.00091603806132513	0.99649588350573	0.00194987439625319	0.994209443821386	0.775909832143992	0.000485001490568454	0.568220651826087	0.816817187	"NA"
"Macrolides and analogues"	183	0.000159342520507354	0.000160288475827626	0.000333433515282724	0.000739911972502115	0.000142307067178388	0.000211839285952878	0.00853940355954386	1.06526782401653	2.21522234217947	-0.163123991007294	0.41083886336108	1.05672842045698	2.20668293861992	-0.171663394566838	0.402299459801536	1.14995451816294	-1.22839181502382	-0.654428960655446	-2.37834633318676	-1.80438347881839	0.573962854368374	0.000173138026291363	0.999999996253551	0.00591965136228271	0.927391283137646	0.00754008764294267	0.142625587883467	-0.000901179964533786	0.999957734815681	0.000602903610857089	0.999950113196261	0.00574651333599135	0.972362571695379	0.00736694961665131	0.729836707965012	-0.00107431799082515	0.999979132679072	0.000429765584565726	0.99999945678013	0.00162043628065996	0.999755255411238	-0.0068208313268165	0.909127867166404	-0.00531674775142562	0.936518166842538	-0.00844126760747646	0.297979693834207	-0.00693718403208558	0.0120660814074318	0.00150408357539088	0.99894850547922	2.88803078622909	0.00219891865509472	0.0155082250239008	0.0750924580104671	"cladeH"
"Organooxygen compounds"	136	0.00812957258199649	0.00503639773867343	0.00956221979542755	0.00571618684745818	0.00796733877576739	0.00647498832092187	-0.690787282294158	0.234166064003475	-0.508126428388606	-0.0290815831514547	-0.328301913005512	0.924953346297632	0.182660853905552	0.661705699142703	0.362485369288646	-0.74229249239208	-0.263247647154929	-0.562467977008986	0.479044845237151	0.179824515383094	-0.299220329854057	0.00172912864648257	0.997856125555017	0.00941896612997364	0.22681315068372	0.0056245424274291	0.088690258644051	-0.000908111493822784	0.999724742749647	0.00289162011454655	0.713061146636675	0.00768983748349107	0.669140434593123	0.00389541378094653	0.892524012009709	-0.00263724014030535	0.990142305604151	0.00116249146806399	0.999521717958979	-0.00379442370254454	0.930137202815593	-0.0103270776237964	0.219839139757597	-0.00652734601542709	0.554540684216015	-0.00653265392125188	0.181775752682501	-0.00273292231288254	0.393595601061548	0.00379973160836934	0.729953669411798	2.70906124669371	0.00097992067993244	0.0217717468746921	0.095380986308175	"NA"
"Organofluorides"	66	0.00243357513442725	5.69742210629077e-07	6.67091843284827e-07	2.96516411302447e-05	1.58721099581323e-05	0.000261985166159956	-12.0604804012907	-11.8329042955708	-6.35882155111545	-7.26043958146718	-3.21552028473284	0.227576105719918	5.70165885017529	4.80004081982357	8.84496011655791	5.47408274445538	4.57246471410365	8.61738401083799	-0.901618030351723	3.14330126638262	4.04491929673434	-0.0316590700652898	0.00106154998504326	-0.0316019562392816	0.0031284617470001	-0.0301957081373687	2.95278024253776e-10	-0.0294200116552946	7.67360789202254e-05	-0.0269460430266336	5.06488539997463e-09	5.71138260081604e-05	0.999999999999313	0.00146336192792111	0.999953784810222	0.00223905840999517	0.999837470149015	0.00471302703865614	0.986259987341258	0.00140624810191295	0.999974944575445	0.00218194458398701	0.999893991197457	0.00465591321264798	0.991212399401947	0.000775696482074054	0.999992558454628	0.00324966511073503	0.862734241079385	0.00247396862866098	0.997525675915578	11.3722108177615	0.0164049476328894	1.4034175750803e-09	3.2278604226847e-08	"cladeA"
"Tetrahydrofurans"	136	0.000299214341079076	0.000114293923277846	0.000255544623881099	0.000525947311250428	0.000884590557177427	0.000166707793434322	-1.3884306228787	-0.227604083579432	0.813738955374157	1.56383051786374	-0.84385777342921	1.16082653929927	2.20216957825286	2.95226114074244	0.54457284944949	1.04134303895359	1.79143460144317	-0.616253689849778	0.75009156248958	-1.65759672880337	-2.40768829129295	-0.00476608289194786	0.977966644293579	0.00248563385711041	0.99925952585221	0.00368740913742012	0.901470510162157	0.00347666382899552	0.985555249426636	-0.00329435941497354	0.925922741617822	0.00725171674905828	0.958545137644443	0.00845349202936798	0.730392186032081	0.00824274672094338	0.861282579497554	0.00147172347697432	0.999875693466712	0.0012017752803097	0.99997175474045	0.000991029971885105	0.999994811488457	-0.00577999327208395	0.949305847039999	-0.000210745308424598	0.99999997246279	-0.00698176855239366	0.0419568152824996	-0.00677102324396906	0.669626038124166	2.04806111332972	0.0020559996219884	0.0739108014640844	0.212493554209243	"cladeH"
"Pyrimidine nucleotides"	156	0.00108076119416122	0.000209980994459418	0.00114402079871845	0.0018894403518847	0.000117797425729268	0.000562676006789496	-2.36371711978122	0.0820655018190789	0.805911195330779	-3.19766786238462	-0.941671427767513	2.4457826216003	3.169628315112	-0.833950742603401	1.42204569201371	0.7238456935117	-3.2797333642037	-1.02373692958659	-4.0035790577154	-1.74758262309829	2.25599643461711	-0.00334732131876106	0.998039151886862	-0.00435381629006813	0.995172349621325	0.00552394316786545	0.771356946284542	-0.00727760930312144	0.848333791108232	0.00697706626777573	0.506718809661468	-0.00100649497130708	0.999998643135124	0.0088712644866265	0.818608285517992	-0.00393028798436038	0.997344911767698	0.0103243875865368	0.691605159677756	0.00987775945793358	0.803179663068179	-0.00292379301305331	0.999525584658607	0.0113308825578439	0.684869355732127	-0.0128015524709869	0.187559941046749	0.00145312309991028	0.995442616962708	0.0142546755708972	0.0898714192958694	2.35532841830408	0.00331407582945989	0.042174890092467	0.161296096999362	"NA"
"Organic metal salts"	191	0.00131252553219494	0.00139178588424216	0.00385833422731691	0.00221577362528928	0.0017938441636814	0.00287342022830915	0.0845917931118837	1.55563263452902	0.755465008449846	0.450709077302147	1.13042351033274	1.47104084141714	0.670873215337962	0.366117284190264	1.04583171722085	-0.800167626079173	-1.10492355722687	-0.425209124196283	-0.304755931147698	0.374958501882891	0.679714433030589	0.00146626936089064	0.999982251793757	0.0272942998001013	0.0509021012871884	0.00894981285542868	0.419680937853222	0.00691008907130988	0.925062243760392	0.0147689210201077	0.0184184123858711	0.0258280304392107	0.231564124560512	0.00748354349453804	0.943002981853574	0.00544381971041923	0.993438208620091	0.013302651659217	0.571166033596107	-0.0183444869446727	0.314806653721447	-0.0203842107287915	0.362963881629204	-0.0125253787799936	0.714862883627358	-0.0020397237841188	0.999513955817252	0.005819108164679	0.45995221918805	0.00785883194879781	0.795633504827101	3.35958369296402	0.00617566953408752	0.00627584335151804	0.038491839222644	"cladeJ"
"Peptidomimetics"	188	0.00128856735382679	0.00276395850896961	0.000980413352418039	0.00147681462875832	0.00107356367770057	0.00155767371883413	1.10096800964278	-0.394305911535592	0.196720799651268	-0.263360183087276	0.273625118813993	-1.49527392117838	-0.904247209991516	-1.36432819273006	-0.827342890828791	0.591026711186861	0.130945728448317	0.667931030349585	-0.460080982738544	0.0769043191627247	0.536985301901269	0.017279166984574	0.325391358490374	-0.00262850554987107	0.999729484390785	0.0023750035946623	0.995395956689205	-0.00310688066654794	0.997472744487551	0.00325351733759045	0.976721482453541	-0.0199076725344451	0.477764024717158	-0.0149041633899117	0.410567629709883	-0.020386047651122	0.251529554268926	-0.0140256496469836	0.465867157612338	0.00500350914453337	0.991984636418755	-0.000478375116676866	0.999999963021271	0.00588202288746152	0.982398426712206	-0.00548188426121024	0.943883867985174	0.000878513742928147	0.999743530885282	0.00636039800413838	0.88936168845635	1.16484494907738	0.00197507618936612	0.328150665248885	0.520514848325818	"NA"
"Diazines"	186	0.00343619949024805	0.00533552191727472	0.00453457948600881	0.00424831603783908	0.00311329885540516	0.00351265609660325	0.634815606164121	0.400154973431296	0.306077298846655	-0.142369722961432	0.0317485424532732	-0.234660632732825	-0.328738307317466	-0.777185329125553	-0.603067063710848	-0.0940776745846416	-0.542524696392728	-0.368406430978023	-0.448447021808087	-0.274328756393381	0.174118265414705	-0.00165870645314308	0.999924378240012	0.0273424381620364	0.0102565205135746	0.0161334023753551	0.00123810989534279	0.0130581051056741	0.250260831230456	0.0134668568594728	0.00807149755911019	0.0290011446151795	0.040297252269712	0.0177921088284981	0.110443917025675	0.0147168115588172	0.474148091553518	0.0151255633126159	0.237082712638922	-0.0112090357866813	0.672254507656407	-0.0142843330563623	0.576065294400734	-0.0138755813025635	0.428423478244733	-0.00307529726968096	0.992252030833313	-0.00266654551588223	0.922619984940697	0.000408751753798738	0.999999566437184	5.05600899672428	0.00662760097406255	0.00022843479532443	0.0030022858814068	"cladeFcladeGcladeHcladeJ"
"Allyl-type 1,3-dipolar organic compounds"	190	0.00146921656875898	0.00178927495976846	0.00452966936669319	0.00251639230794127	0.00143413844678765	0.00385823996304014	0.284328033950805	1.62435867680363	0.776309786330721	-0.0348627673678742	1.39289580358048	1.34003064285283	0.491981752379917	-0.319190801318679	1.10856776962968	-0.848048890472912	-1.65922144417151	-0.23146287322315	-0.811172553698596	0.616586017249762	1.42775857094836	0.00912712926301317	0.97951198974844	0.0299202114429139	0.247717038630857	0.012084239735175	0.493181339330308	0.00291430560536734	0.99973858333352	0.0223043003519099	0.0110942034183419	0.0207930821799007	0.814085466160621	0.00295711047216183	0.999863868708264	-0.00621282365764583	0.997800228636767	0.0131771710888968	0.867771670878516	-0.0178359717077389	0.733030797300415	-0.0270059058375465	0.458566714842801	-0.00761591109100395	0.990915661586847	-0.00916993412980766	0.912531337562522	0.0102200606167349	0.236637042686449	0.0193899947465426	0.244984671203211	3.41172735627159	0.0129799128540095	0.00567414122656187	0.0372872137745495	"cladeJ"
"Imidolactams"	22	0.000882749500560117	8.48511252246022e-06	0	8.86913456155591e-07	1.2161454741424e-05	0.000957758724988448	-6.70092649780642	-Inf	-9.95899504928627	-6.18161638174217	0.117658163628727	-Inf	-3.25806855147984	0.519310116064256	6.81858466143515	Inf	Inf	Inf	3.7773786675441	10.076653212915	6.29927454537089	-0.00997777262108872	0.934874568078739	-0.0115593570742197	0.912465337555191	-0.0113634467651337	0.353257571843749	-0.0100955964985923	0.841509851478031	-0.00609049453939296	0.877183666222118	-0.00158158445313094	0.999997313468943	-0.00138567414404501	0.999992156456994	-0.000117823877503631	0.999999999984999	0.00388727808169575	0.998655720119962	0.000195910309085928	0.999999999705092	0.0014637605756273	0.999996748295728	0.00546886253482669	0.99545463165344	0.00126785026654138	0.999980971552569	0.00527295222574076	0.744667689616716	0.00400510195919938	0.994233003178995	0.950587114645843	0.00251128473461774	0.449614257172186	0.667169542900663	"NA"
"Thioethers"	156	0.00102585673810889	0.00115973300369009	0.0064347609766943	0.00307455657760875	0.0027839039046455	0.00321331636288263	0.17696343187478	2.64905728836648	1.58354908411166	1.44028014156254	1.6472337552193	2.4720938564917	1.40658565223688	1.26331670968776	1.47027032334452	-1.06550820425482	-1.20877714680394	-1.00182353314718	-0.143268942549121	0.0636846711076415	0.206953613656762	-0.00361306262266523	0.999674917457559	0.0477657175624307	0.00414456363171856	0.00477435682557022	0.977745350790272	-0.00348534861244605	0.999198830506653	0.00486510350198544	0.971193533550936	0.0513787801850959	0.0177909815269147	0.00838741944823545	0.975600068177037	0.000127714010219174	0.999999999988394	0.00847816612465067	0.972904121071535	-0.0429913607368605	0.00699847321178604	-0.0512510661748768	0.00498555411979129	-0.0429006140604453	0.00628134610982023	-0.00825970543801627	0.92943342262625	9.07466764152216e-05	0.999999999461134	0.00835045211443149	0.919299114968972	3.17300167231793	0.0109131346569465	0.00899124439925778	0.0486584991018656	"cladeG"
"Azacyclic compounds"	191	0.00187053630335506	0.00295151982839043	0.00354883746822091	0.00359699559387684	0.00481851122220508	0.00293049013434024	0.65800606790715	0.923894536526856	0.943340426276359	1.36513549912736	0.647690014455452	0.265888468619705	0.285334358369208	0.707129431220206	-0.0103160534516981	0.0194458897495025	0.441240962600501	-0.276204522071404	0.421795072850998	-0.295650411820906	-0.717445484671904	0.00773126605135514	0.973817655532716	0.013997791637787	0.796456664370631	0.0132901185494638	0.155384363398172	0.0230132409274934	0.0587291748319595	0.0101464639487816	0.392286805508016	0.00626652558643185	0.997158380826298	0.0055588524981087	0.991740893201515	0.0152819748761383	0.749295665251744	0.00241519789742644	0.999840284918512	-0.000707673088323153	0.999999779777189	0.00901544928970643	0.974300881009107	-0.00385132768900541	0.998972593630934	0.00972312237802958	0.760535731654995	-0.00314365460068226	0.957586900419895	-0.0128667769787118	0.456639209986293	1.93647666760602	0.00472895948261956	0.0902545854059021	0.251618844161909	"NA"
"Phenol ethers"	191	0.00444046813731982	0.00760304775585979	0.00524030131883903	0.00614533935935093	0.00719591667270448	0.0052201950962921	0.775866071847932	0.238937988497219	0.468780900604844	0.696466699530126	0.233391945148846	-0.536928083350713	-0.307085171243088	-0.0793993723178053	-0.542474126699085	0.229842912107625	0.457528711032908	-0.00554604334837221	0.227685798925283	-0.235388955455997	-0.46307475438128	0.024487293119464	0.56491223496166	0.0284121433172541	0.479610520368116	0.0188272198122898	0.178633639708054	0.0194990574109854	0.572396906996518	0.013065381662214	0.533746901579917	0.00392485019779017	0.9999536735845	-0.00566007330717418	0.998474395998267	-0.00498823570847853	0.999639533842516	-0.01142191145725	0.959457135395931	-0.00958492350496434	0.987774843542343	-0.0089130859062687	0.995599728069567	-0.0153467616550401	0.904894668580722	0.000671837598695643	0.999999849954622	-0.00576183815007579	0.892750734450736	-0.00643367574877143	0.989101727886628	1.5042516431816	0.00778563289540499	0.190457030166516	0.3545967882806	"NA"
"Heteroaromatic compounds"	191	0.0235160461740597	0.0258941516180686	0.0206263421117771	0.0217555259436239	0.0266249381422722	0.0286043018354197	0.138980775803773	-0.189157520281761	-0.112263621058308	0.179132657766593	0.282586616204063	-0.328138296085534	-0.251244396862081	0.0401518819628198	0.14360584040029	0.0768938992234525	0.368290178048353	0.471744136485824	0.291396278824901	0.394850237262371	0.103453958437471	0.00651957488054392	0.998885704762682	-0.0107268892358803	0.991653678120509	-0.00628688079284928	0.983108828120965	0.0122702533947964	0.945017724666648	0.0148516641882762	0.539023696929228	-0.0172464641164242	0.971401726688824	-0.0128064556733932	0.964568387797675	0.00575067851425246	0.999622616032777	0.0083320893077323	0.994577589371155	0.004440008443031	0.999837422937191	0.0229971426306766	0.854955375922817	0.0255785534241565	0.656261210950243	0.0185571341876457	0.637791262622037	0.0211385449811255	0.00935492965999696	0.00258141079347984	0.999929351109668	2.73752370864552	0.0184813729730488	0.0206320694702767	0.0949075195632729	"cladeJ"
"Diazinanes"	191	0.00746721193167231	0.00565702819730143	0.0114106454894312	0.00753960423614135	0.0106938003877196	0.00781107028492893	-0.400525315589721	0.611738823054299	0.0139191188359861	0.518133069736	0.0649505645540317	1.01226413864402	0.414444434425707	0.918658385325721	0.465475880143753	-0.597819704218313	-0.0936057533182993	-0.546788258500268	0.504213950900014	0.0510314457180457	-0.453182505181968	-0.00741709658783728	0.994991055265103	0.0282877960860704	0.422731884217339	0.00630032282713108	0.961497998171084	0.0215853839900369	0.395428772634592	0.00649283407147414	0.948286246594758	0.0357048926739077	0.385335277505132	0.0137174194149684	0.899745913125466	0.0290024805778741	0.42174254397916	0.0139099306593114	0.88881026504251	-0.0219874732589394	0.632611476540275	-0.00670241209603359	0.998540297663786	-0.0217949620145963	0.630243752724047	0.0152850611629058	0.645491546464688	0.000192511244343052	0.999999989121421	-0.0150925499185627	0.635468351250414	1.49717528087866	0.00696421962860426	0.192715645804674	0.3545967882806	"NA"
"unclassified"	191	0.0336474318432032	0.0410168233490482	0.0230498523499229	0.0308710023159595	0.0402848388293195	0.0340923436677741	0.285719368373051	-0.545738885393302	-0.124244069667447	0.259740589008748	0.0189513858892822	-0.831458253766353	-0.409963438040498	-0.0259787793643035	-0.266767982483769	0.421494815725855	0.80547947440205	0.564690271282584	0.383984658676195	0.143195455556729	-0.240789203119466	0.0197258594468941	0.883406968015542	-0.0277166999405196	0.709581687798794	-0.0058972502039992	0.990535470162924	0.0200671544373412	0.734400046338042	0.00151346261219942	0.999984409601988	-0.0474425593874137	0.345876266319427	-0.0256231096508933	0.645842878649617	0.000341294990447105	0.999999999786686	-0.0182123968346947	0.880289905306326	0.0218194497365204	0.837489524569584	0.0477838543778608	0.215001128060114	0.029230162552719	0.584715101079129	0.0259644046413404	0.332717721869839	0.00741071281619862	0.868125135662496	-0.0185536918251418	0.677700297668228	1.68494806915931	0.0129193294871529	0.140213936944472	0.307135290449795	"NA"
